data_id,profile_id,obsdate,preswat,tempwat,condwat,pracsal,density,optparw,flubsct,cdomflo,chlaflo,doconcs
43662,1934,2011-08-10T13:30:48Z,3,24.0778,4.4734,29.4986,1019.4749,,,,,
43663,1934,2011-08-10T13:30:54Z,4,24.0975,4.4956,29.6487,1019.5849,,,,,
43664,1934,2011-08-10T13:31:01Z,5,24.1356,4.5469,30.0011,1019.8449,,,,,
43665,1934,2011-08-10T13:31:08Z,6,24.1406,4.5601,30.0951,1019.9185,,,,,
43666,1934,2011-08-10T13:31:13Z,7,24.1385,4.5611,30.1032,1019.929,,,,,
43667,1934,2011-08-10T13:31:20Z,8,24.1139,4.5597,30.1093,1019.9452,,,,,
43668,1934,2011-08-10T13:31:28Z,9,24.0111,4.5519,30.1205,1019.9876,,,,,
43669,1934,2011-08-10T13:31:35Z,10,23.67,4.525,30.1511,1020.1144,,,,,
43670,1934,2011-08-10T13:31:43Z,11,23.2796,4.4947,30.1902,1020.2606,,,,,
43671,1934,2011-08-10T13:31:48Z,12,23.0242,4.4762,30.2254,1020.3619,,,,,
43672,1934,2011-08-10T13:31:56Z,13,21.8788,4.4024,30.4582,1020.8596,,,,,
43673,1934,2011-08-10T13:32:06Z,14,20.3298,4.3142,30.8729,1021.5936,,,,,
43674,1934,2011-08-10T13:32:16Z,15,18.3811,4.2092,31.4713,1022.5452,,,,,
43675,1934,2011-08-10T13:32:25Z,16,17.2007,4.1061,31.5114,1022.8627,,,,,
43676,1934,2011-08-10T13:32:35Z,17,15.9401,4.0034,31.6135,1023.2328,,,,,
43677,1934,2011-08-10T13:32:45Z,18,14.8636,3.9249,31.7813,1023.6008,,,,,
43678,1934,2011-08-10T13:32:55Z,19,14.5311,3.8933,31.7668,1023.6639,,,,,
43694,1935,2011-08-10T13:32:58Z,19,14.5049,3.8912,31.7693,1023.6717,,,,,
43693,1935,2011-08-10T13:33:10Z,18,14.6713,3.8809,31.5402,1023.4565,,,,,
43692,1935,2011-08-10T13:33:27Z,17,15.3203,3.9031,31.2194,1023.0663,,,,,
43691,1935,2011-08-10T13:33:47Z,16,16.4416,3.9674,30.9063,1022.5727,,,,,
43690,1935,2011-08-10T13:34:04Z,15,17.7284,4.0487,30.6208,1022.052,,,,,
43689,1935,2011-08-10T13:34:19Z,14,19.9342,4.1995,30.2398,1021.2123,,,,,
43688,1935,2011-08-10T13:34:31Z,13,21.4614,4.3146,30.0704,1020.6779,,,,,
43687,1935,2011-08-10T13:34:43Z,12,22.8447,4.4139,29.8778,1020.1497,,,,,
43686,1935,2011-08-10T13:34:58Z,11,23.3417,4.4605,29.892,1020.0157,,,,,
43685,1935,2011-08-10T13:35:13Z,10,23.6511,4.492,29.9183,1019.9429,,,,,
43684,1935,2011-08-10T13:35:28Z,9,23.9412,4.5219,29.9456,1019.8758,,,,,
43683,1935,2011-08-10T13:35:41Z,8,24.0832,4.5407,29.9895,1019.8635,,,,,
43682,1935,2011-08-10T13:35:51Z,7,24.1269,4.5499,30.0283,1019.8763,,,,,
43681,1935,2011-08-10T13:36:01Z,6,24.1356,4.5545,30.0568,1019.8908,,,,,
43680,1935,2011-08-10T13:36:11Z,5,24.1433,4.5572,30.0718,1019.8956,,,,,
43679,1935,2011-08-10T13:36:21Z,4,24.139,4.5538,30.05,1019.8762,,,,,
43695,1936,2011-08-10T13:36:29Z,4,24.1395,4.5507,30.0264,1019.8585,,,,,
43696,1936,2011-08-10T13:36:44Z,5,24.1416,4.56,30.0934,1019.9126,,,,,
43697,1936,2011-08-10T13:36:57Z,6,24.1355,4.5608,30.1034,1019.9258,,,,,
43698,1936,2011-08-10T13:37:12Z,7,24.1298,4.5612,30.1101,1019.9366,,,,,
43699,1936,2011-08-10T13:37:29Z,8,24.0727,4.5574,30.12,1019.9654,,,,,
43700,1936,2011-08-10T13:37:43Z,9,23.8677,4.5414,30.1399,1020.0444,,,,,
43701,1936,2011-08-10T13:37:53Z,10,23.6782,4.5259,30.1523,1020.1124,,,,,
43702,1936,2011-08-10T13:38:05Z,11,23.3606,4.5013,30.1847,1020.2326,,,,,
43703,1936,2011-08-10T13:38:15Z,12,22.9509,4.4718,30.2429,1020.3961,,,,,
43715,1937,2011-08-10T13:38:17Z,12,22.9807,4.4726,30.2282,1020.376,,,,,
43714,1937,2011-08-10T13:38:27Z,11,23.3908,4.4967,30.1294,1020.1808,,,,,
43713,1937,2011-08-10T13:38:37Z,10,23.6155,4.5128,30.0977,1020.0894,,,,,
43712,1937,2011-08-10T13:38:48Z,9,23.807,4.5271,30.0744,1020.0125,,,,,
43711,1937,2011-08-10T13:39:03Z,8,24.0497,4.5479,30.0653,1019.9303,,,,,
43710,1937,2011-08-10T13:39:15Z,7,24.1267,4.5566,30.0781,1019.9134,,,,,
43709,1937,2011-08-10T13:39:25Z,6,24.1386,4.5593,30.0902,1019.9157,,,,,
43708,1937,2011-08-10T13:39:38Z,5,24.1436,4.5608,30.0984,1019.916,,,,,
43707,1937,2011-08-10T13:39:53Z,4,24.1316,4.5505,30.0307,1019.8633,,,,,
43706,1937,2011-08-10T13:40:08Z,3,24.0683,4.5052,29.7394,1019.6571,,,,,
43705,1937,2011-08-10T13:40:22Z,2,23.9355,4.4558,29.463,1019.4831,,,,,
43704,1937,2011-08-10T13:40:30Z,1,23.8771,4.4274,29.2924,1019.3686,,,,,
43716,1938,2011-08-10T14:16:34Z,3,24.0154,4.4535,29.3932,1019.4109,,,,,
43717,1938,2011-08-10T14:16:46Z,4,24.1361,4.5376,29.9326,1019.7881,,,,,
43718,1938,2011-08-10T14:16:58Z,5,24.1756,4.5631,30.0937,1019.9031,,,,,
43719,1938,2011-08-10T14:17:07Z,6,24.1388,4.5623,30.1124,1019.9325,,,,,
43720,1938,2011-08-10T14:17:14Z,7,24.1162,4.5609,30.1165,1019.9458,,,,,
43721,1938,2011-08-10T14:17:21Z,8,24.0651,4.557,30.1221,1019.9688,,,,,
43722,1938,2011-08-10T14:17:30Z,9,23.8953,4.5437,30.1382,1020.0342,,,,,
43723,1938,2011-08-10T14:17:39Z,10,23.6812,4.527,30.1587,1020.1157,,,,,
43724,1938,2011-08-10T14:17:49Z,11,23.2917,4.4986,30.2116,1020.2719,,,,,
43725,1938,2011-08-10T14:17:59Z,12,22.5566,4.452,30.3645,1020.5986,,,,,
43726,1938,2011-08-10T14:18:09Z,13,22.1075,4.4178,30.4158,1020.7663,,,,,
43727,1938,2011-08-10T14:18:19Z,14,20.9013,4.3469,30.7194,1021.3265,,,,,
43728,1938,2011-08-10T14:18:29Z,15,17.6187,4.1763,31.7893,1022.9691,,,,,
43729,1938,2011-08-10T14:18:39Z,16,15.3064,3.9798,31.9147,1023.599,,,,,
43730,1938,2011-08-10T14:18:50Z,17,14.9739,3.9181,31.6305,1023.4576,,,,,
43731,1938,2011-08-10T14:18:59Z,18,14.9464,3.9052,31.5373,1023.3953,,,,,
43747,1939,2011-08-10T14:19:01Z,18,14.8923,3.9016,31.5482,1023.4159,,,,,
43746,1939,2011-08-10T14:19:14Z,17,14.9201,3.8924,31.4432,1023.3249,,,,,
43745,1939,2011-08-10T14:19:31Z,16,15.0933,3.896,31.3365,1023.2007,,,,,
43744,1939,2011-08-10T14:19:46Z,15,15.5321,3.907,31.0866,1022.909,,,,,
43743,1939,2011-08-10T14:19:59Z,14,18.3827,4.0526,30.1683,1021.5396,,,,,
43742,1939,2011-08-10T14:20:11Z,13,21.2581,4.2828,29.9634,1020.653,,,,,
43741,1939,2011-08-10T14:20:24Z,12,21.9948,4.3516,29.9856,1020.4661,,,,,
43740,1939,2011-08-10T14:20:34Z,11,22.7506,4.4142,29.9443,1020.2218,,,,,
43739,1939,2011-08-10T14:20:42Z,10,23.291,4.4623,29.9397,1020.0629,,,,,
43738,1939,2011-08-10T14:20:52Z,9,23.5994,4.4925,29.9576,1019.9841,,,,,
43737,1939,2011-08-10T14:21:02Z,8,23.8603,4.5185,29.9752,1019.9182,,,,,
43736,1939,2011-08-10T14:21:14Z,7,24.0821,4.5422,30.002,1019.8693,,,,,
43735,1939,2011-08-10T14:21:26Z,6,24.1262,4.5506,30.0347,1019.8766,,,,,
43734,1939,2011-08-10T14:21:39Z,5,24.1346,4.5543,30.0564,1019.886,,,,,
43733,1939,2011-08-10T14:21:49Z,4,24.1454,4.5558,30.0607,1019.8818,,,,,
43732,1939,2011-08-10T14:21:57Z,3,24.0985,4.5269,29.879,1019.7545,,,,,
43748,1940,2011-08-10T14:22:06Z,3,24.091,4.5179,29.8177,1019.7103,,,,,
43749,1940,2011-08-10T14:22:22Z,4,24.1352,4.5516,30.0364,1019.8667,,,,,
43750,1940,2011-08-10T14:22:38Z,5,24.1277,4.5585,30.092,1019.9156,,,,,
43751,1940,2011-08-10T14:22:50Z,6,24.1208,4.5596,30.1047,1019.9316,,,,,
43752,1940,2011-08-10T14:23:03Z,7,24.0935,4.5585,30.1144,1019.9509,,,,,
43753,1940,2011-08-10T14:23:15Z,8,23.9997,4.552,30.1289,1019.993,,,,,
43754,1940,2011-08-10T14:23:26Z,9,23.7943,4.5366,30.1538,1020.0746,,,,,
43755,1940,2011-08-10T14:23:38Z,10,23.4189,4.5079,30.1941,1020.218,,,,,
43756,1940,2011-08-10T14:23:51Z,11,22.9787,4.4787,30.2761,1020.4096,,,,,
43757,1940,2011-08-10T14:24:01Z,12,22.1554,4.428,30.4606,1020.7826,,,,,
43758,1940,2011-08-10T14:24:11Z,13,21.6989,4.3935,30.5152,1020.9531,,,,,
43759,1940,2011-08-10T14:24:23Z,14,20.4934,4.3247,30.8394,1021.5236,,,,,
43760,1940,2011-08-10T14:24:34Z,15,17.6714,4.1826,31.7995,1022.9662,,,,,
43761,1940,2011-08-10T14:24:43Z,16,15.7731,4.025,31.9373,1023.513,,,,,
43762,1940,2011-08-10T14:24:52Z,17,14.9915,3.9231,31.6617,1023.4771,,,,,
43763,1940,2011-08-10T14:25:02Z,18,14.9431,3.906,31.5465,1023.4023,,,,,
43779,1941,2011-08-10T14:25:07Z,18,14.9583,3.9031,31.5084,1023.3696,,,,,
43778,1941,2011-08-10T14:25:18Z,17,14.9868,3.8954,31.4161,1023.2886,,,,,
43777,1941,2011-08-10T14:25:30Z,16,15.2892,3.9057,31.2669,1023.1052,,,,,
43776,1941,2011-08-10T14:25:45Z,15,16.7535,3.9759,30.7419,1022.3695,,,,,
43775,1941,2011-08-10T14:26:00Z,14,20.3162,4.2255,30.1757,1021.0652,,,,,
43774,1941,2011-08-10T14:26:15Z,13,21.5805,4.3303,30.1078,1020.6762,,,,,
43773,1941,2011-08-10T14:26:30Z,12,22.0549,4.3725,30.1045,1020.5401,,,,,
43772,1941,2011-08-10T14:26:39Z,11,23.1011,4.4508,29.9823,1020.1516,,,,,
43771,1941,2011-08-10T14:26:46Z,10,23.3973,4.4776,29.9828,1020.0641,,,,,
43770,1941,2011-08-10T14:26:54Z,9,23.7333,4.5073,29.9776,1019.9604,,,,,
43769,1941,2011-08-10T14:27:01Z,8,23.9498,4.5282,29.9872,1019.9011,,,,,
43768,1941,2011-08-10T14:27:11Z,7,24.0755,4.543,30.0119,1019.8786,,,,,
43767,1941,2011-08-10T14:27:21Z,6,24.1078,4.5489,30.0344,1019.882,,,,,
43766,1941,2011-08-10T14:27:31Z,5,24.1212,4.5526,30.0525,1019.8875,,,,,
43765,1941,2011-08-10T14:27:41Z,4,24.1064,4.5378,29.9542,1019.8132,,,,,
43764,1941,2011-08-10T14:27:48Z,3,24.0867,4.5172,29.8154,1019.711,,,,,
43780,1942,2011-08-10T14:27:51Z,3,24.081,4.5118,29.7793,1019.6855,,,,,
43781,1942,2011-08-10T14:28:03Z,4,24.1011,4.5363,29.9462,1019.8093,,,,,
43782,1942,2011-08-10T14:28:16Z,5,24.1177,4.5566,30.085,1019.9135,,,,,
43783,1942,2011-08-10T14:28:26Z,6,24.1083,4.558,30.1009,1019.9316,,,,,
43784,1942,2011-08-10T14:28:38Z,7,24.0915,4.5578,30.1105,1019.948,,,,,
43785,1942,2011-08-10T14:28:52Z,8,23.9988,4.5509,30.1215,1019.9877,,,,,
43786,1942,2011-08-10T14:29:07Z,9,23.7125,4.5294,30.1553,1020.1002,,,,,
43787,1942,2011-08-10T14:29:22Z,10,23.1959,4.4927,30.2328,1020.3111,,,,,
43788,1942,2011-08-10T14:29:34Z,11,22.2132,4.4335,30.4632,1020.7645,,,,,
43789,1942,2011-08-10T14:29:42Z,12,21.7196,4.3967,30.5255,1020.9501,,,,,
43790,1942,2011-08-10T14:29:54Z,13,20.4747,4.325,30.8546,1021.5359,,,,,
43791,1942,2011-08-10T14:30:05Z,14,17.8351,4.1644,31.5157,1022.7067,,,,,
43792,1942,2011-08-10T14:30:14Z,15,15.8076,4.0221,31.8851,1023.4618,,,,,
43793,1942,2011-08-10T14:30:23Z,16,15.2622,3.9426,31.6179,1023.3807,,,,,
43794,1942,2011-08-10T14:30:33Z,17,14.9909,3.9082,31.5278,1023.3744,,,,,
43795,1942,2011-08-10T14:30:40Z,18,14.9892,3.9006,31.4613,1023.3277,,,,,
43796,1942,2011-08-10T14:30:48Z,19,14.9643,3.8942,31.4231,1023.3083,,,,,
43813,1943,2011-08-10T14:30:58Z,19,14.9514,3.8895,31.3909,1023.2864,,,,,
43812,1943,2011-08-10T14:31:15Z,18,14.9834,3.8853,31.3283,1023.227,,,,,
43811,1943,2011-08-10T14:31:30Z,17,15.0269,3.8844,31.2858,1023.1807,,,,,
43810,1943,2011-08-10T14:31:44Z,16,15.2149,3.892,31.2036,1023.0731,,,,,
43809,1943,2011-08-10T14:31:59Z,15,15.6076,3.9071,31.0282,1022.8483,,,,,
43808,1943,2011-08-10T14:32:12Z,14,18.1097,4.0341,30.2133,1021.6453,,,,,
43807,1943,2011-08-10T14:32:21Z,13,20.7754,4.245,30.005,1020.8121,,,,,
43806,1943,2011-08-10T14:32:32Z,12,21.5648,4.3187,30.0294,1020.6161,,,,,
43805,1943,2011-08-10T14:32:43Z,11,22.4929,4.3903,29.9394,1020.289,,,,,
43804,1943,2011-08-10T14:32:53Z,10,23.2662,4.4567,29.9151,1020.0498,,,,,
43803,1943,2011-08-10T14:33:03Z,9,23.6444,4.4936,29.935,1019.9525,,,,,
43802,1943,2011-08-10T14:33:12Z,8,23.8398,4.5133,29.9507,1019.9046,,,,,
43801,1943,2011-08-10T14:33:24Z,7,24.0187,4.5333,29.9788,1019.8703,,,,,
43800,1943,2011-08-10T14:33:37Z,6,24.0784,4.5442,30.0196,1019.8791,,,,,
43799,1943,2011-08-10T14:33:50Z,5,24.0996,4.5499,30.0474,1019.8898,,,,,
43798,1943,2011-08-10T14:34:00Z,4,24.1052,4.5521,30.0599,1019.8936,,,,,
43797,1943,2011-08-10T14:34:10Z,3,24.1013,4.5398,29.9724,1019.8247,,,,,
43814,1944,2011-08-10T14:34:12Z,3,24.1056,4.5373,29.9507,1019.807,,,,,
43815,1944,2011-08-10T14:34:25Z,4,24.0988,4.549,30.0416,1019.881,,,,,
43816,1944,2011-08-10T14:34:41Z,5,24.0998,4.556,30.0925,1019.9236,,,,,
43817,1944,2011-08-10T14:34:56Z,6,24.0849,4.5564,30.1053,1019.9423,,,,,
43818,1944,2011-08-10T14:35:11Z,7,24.0359,4.5535,30.1163,1019.9696,,,,,
43819,1944,2011-08-10T14:35:24Z,8,23.8971,4.5432,30.1336,1020.0267,,,,,
43820,1944,2011-08-10T14:35:36Z,9,23.65,4.5249,30.1647,1020.1257,,,,,
43821,1944,2011-08-10T14:35:49Z,10,23.2793,4.4982,30.217,1020.2757,,,,,
43822,1944,2011-08-10T14:36:00Z,11,22.6056,4.4575,30.3731,1020.587,,,,,
43823,1944,2011-08-10T14:36:12Z,12,21.5306,4.3856,30.5735,1021.039,,,,,
43824,1944,2011-08-10T14:36:22Z,13,20.2807,4.3163,30.9286,1021.642,,,,,
43825,1944,2011-08-10T14:36:32Z,14,17.1079,4.1207,31.7126,1023.0252,,,,,
43826,1944,2011-08-10T14:36:40Z,15,15.5996,3.9905,31.7731,1023.4214,,,,,
43827,1944,2011-08-10T14:36:47Z,16,15.188,3.9358,31.6175,1023.3958,,,,,
43828,1944,2011-08-10T14:36:58Z,17,15.0369,3.9109,31.5156,1023.3555,,,,,
43829,1944,2011-08-10T14:37:05Z,18,14.8599,3.8923,31.4905,1023.3783,,,,,
43830,1944,2011-08-10T14:37:13Z,19,14.7674,3.8815,31.4674,1023.3843,,,,,
43831,1944,2011-08-10T14:37:20Z,20,14.8275,3.8802,31.407,1023.3277,,,,,
43849,1945,2011-08-10T14:37:23Z,20,14.7416,3.875,31.4291,1023.3628,,,,,
43848,1945,2011-08-10T14:37:33Z,19,14.7668,3.8726,31.3875,1023.3221,,,,,
43847,1945,2011-08-10T14:37:45Z,18,14.8348,3.8726,31.3333,1023.2623,,,,,
43846,1945,2011-08-10T14:38:01Z,17,14.9761,3.878,31.2689,1023.1777,,,,,
43845,1945,2011-08-10T14:38:13Z,16,15.2252,3.8901,31.1786,1023.0504,,,,,
43844,1945,2011-08-10T14:38:26Z,15,15.7035,3.9101,30.9797,1022.7892,,,,,
43843,1945,2011-08-10T14:38:41Z,14,18.8122,4.0907,30.1659,1021.4351,,,,,
43842,1945,2011-08-10T14:38:53Z,13,21.1443,4.2828,30.043,1020.7433,,,,,
43841,1945,2011-08-10T14:39:00Z,12,21.6081,4.3276,30.0684,1020.6353,,,,,
43840,1945,2011-08-10T14:39:08Z,11,22.8139,4.4176,29.9274,1020.1923,,,,,
43839,1945,2011-08-10T14:39:18Z,10,23.3741,4.4693,29.9363,1020.0354,,,,,
43838,1945,2011-08-10T14:39:25Z,9,23.6393,4.4944,29.9444,1019.9615,,,,,
43837,1945,2011-08-10T14:39:33Z,8,23.8732,4.5157,29.9454,1019.8914,,,,,
43836,1945,2011-08-10T14:39:43Z,7,24.037,4.5345,29.9749,1019.8617,,,,,
43835,1945,2011-08-10T14:39:53Z,6,24.0718,4.542,30.0076,1019.8718,,,,,
43834,1945,2011-08-10T14:40:01Z,5,24.0829,4.5461,30.0305,1019.882,,,,,
43833,1945,2011-08-10T14:40:11Z,4,24.0921,4.5466,30.0286,1019.8737,,,,,
43832,1945,2011-08-10T14:40:19Z,3,24.1042,4.5399,29.9712,1019.8239,,,,,
43850,1946,2011-08-10T14:40:19Z,3,24.1042,4.5399,29.9712,1019.8239,,,,,
43851,1946,2011-08-10T14:40:28Z,4,24.0925,4.5452,30.0179,1019.8649,,,,,
43852,1946,2011-08-10T14:40:42Z,5,24.0807,4.5531,30.0839,1019.923,,,,,
43853,1946,2011-08-10T14:40:56Z,6,24.0655,4.5541,30.1009,1019.9446,,,,,
43854,1946,2011-08-10T14:41:08Z,7,24.0307,4.5519,30.1077,1019.9638,,,,,
43855,1946,2011-08-10T14:41:21Z,8,23.8472,4.5378,30.1269,1020.0356,,,,,
43856,1946,2011-08-10T14:41:33Z,9,23.5383,4.5156,30.171,1020.162,,,,,
43857,1946,2011-08-10T14:41:43Z,10,23.2504,4.4938,30.204,1020.273,,,,,
43858,1946,2011-08-10T14:41:55Z,11,22.4292,4.4443,30.3955,1020.6528,,,,,
43859,1946,2011-08-10T14:42:07Z,12,21.4965,4.3817,30.5672,1021.0432,,,,,
43860,1946,2011-08-10T14:42:17Z,13,20.475,4.32,30.8154,1021.5064,,,,,
43861,1946,2011-08-10T14:42:26Z,14,18.3674,4.2024,31.4251,1022.5086,,,,,
43862,1946,2011-08-10T14:42:36Z,15,15.9338,4.0382,31.9251,1023.4647,,,,,
43863,1946,2011-08-10T14:42:45Z,16,15.2722,3.9524,31.6978,1023.4397,,,,,
43864,1946,2011-08-10T14:42:53Z,17,15.0287,3.9187,31.5919,1023.4147,,,,,
43865,1946,2011-08-10T14:43:00Z,18,14.8092,3.8937,31.5442,1023.4293,,,,,
43866,1946,2011-08-10T14:43:09Z,19,14.5094,3.8648,31.525,1023.4836,,,,,
43867,1946,2011-08-10T14:43:19Z,20,14.3367,3.848,31.5126,1023.5154,,,,,
43884,1947,2011-08-10T14:43:27Z,20,14.3263,3.8445,31.4888,1023.4984,,,,,
43883,1947,2011-08-10T14:43:42Z,19,14.5103,3.8501,31.3907,1023.3799,,,,,
43882,1947,2011-08-10T14:43:59Z,18,14.7201,3.8601,31.3129,1023.2711,,,,,
43881,1947,2011-08-10T14:44:15Z,17,15.0516,3.8772,31.201,1023.1096,,,,,
43880,1947,2011-08-10T14:44:30Z,16,15.711,3.9024,30.9056,1022.7351,,,,,
43879,1947,2011-08-10T14:44:43Z,15,18.2764,4.0499,30.2205,1021.6128,,,,,
43878,1947,2011-08-10T14:44:58Z,14,20.6458,4.2524,30.1546,1020.9641,,,,,
43877,1947,2011-08-10T14:45:11Z,13,21.3622,4.3173,30.1597,1020.7746,,,,,
43876,1947,2011-08-10T14:45:21Z,12,22.3811,4.3918,30.0271,1020.3911,,,,,
43875,1947,2011-08-10T14:45:30Z,11,23.1972,4.4567,29.9616,1020.109,,,,,
43874,1947,2011-08-10T14:45:36Z,10,23.4726,4.4814,29.9597,1020.026,,,,,
43873,1947,2011-08-10T14:45:44Z,9,23.7501,4.5058,29.9545,1019.9385,,,,,
43872,1947,2011-08-10T14:45:54Z,8,23.9458,4.5263,29.9757,1019.8933,,,,,
43871,1947,2011-08-10T14:46:03Z,7,24.0363,4.5379,30.001,1019.8822,,,,,
43870,1947,2011-08-10T14:46:13Z,6,24.0659,4.5443,30.0286,1019.8897,,,,,
43869,1947,2011-08-10T14:46:25Z,5,24.0772,4.548,30.0488,1019.8973,,,,,
43868,1947,2011-08-10T14:46:40Z,4,24.0862,4.5452,30.0223,1019.8693,,,,,
43885,1948,2011-08-10T14:46:50Z,4,24.0841,4.5467,30.0344,1019.8802,,,,,
43886,1948,2011-08-10T14:47:03Z,5,24.0777,4.5539,30.0916,1019.9295,,,,,
43887,1948,2011-08-10T14:47:15Z,6,24.0605,4.5536,30.1009,1019.946,,,,,
43888,1948,2011-08-10T14:47:27Z,7,24.0327,4.5518,30.1058,1019.9619,,,,,
43889,1948,2011-08-10T14:47:39Z,8,23.9152,4.5427,30.1177,1020.0093,,,,,
43890,1948,2011-08-10T14:47:51Z,9,23.6439,4.5224,30.1501,1020.1166,,,,,
43891,1948,2011-08-10T14:48:01Z,10,23.3402,4.5006,30.1931,1020.2393,,,,,
43892,1948,2011-08-10T14:48:14Z,11,22.7218,4.4606,30.3162,1020.5113,,,,,
43893,1948,2011-08-10T14:48:27Z,12,21.7957,4.404,30.529,1020.9328,,,,,
43894,1948,2011-08-10T14:48:37Z,13,21.1147,4.3583,30.6556,1021.217,,,,,
43895,1948,2011-08-10T14:48:47Z,14,19.2326,4.2568,31.2218,1022.1384,,,,,
43896,1948,2011-08-10T14:48:57Z,15,17.0068,4.1178,31.7665,1023.0965,,,,,
43897,1948,2011-08-10T14:49:06Z,16,15.4221,3.9782,31.8066,1023.491,,,,,
43898,1948,2011-08-10T14:49:16Z,17,15.0083,3.9219,31.6368,1023.4543,,,,,
43899,1948,2011-08-10T14:49:26Z,18,14.7574,3.8921,31.5719,1023.4624,,,,,
43900,1948,2011-08-10T14:49:35Z,19,14.4834,3.8645,31.5433,1023.5027,,,,,
43917,1949,2011-08-10T14:49:43Z,19,14.439,3.8573,31.5141,1023.4896,,,,,
43916,1949,2011-08-10T14:49:57Z,18,14.7074,3.8656,31.3725,1023.319,,,,,
43915,1949,2011-08-10T14:50:10Z,17,15.023,3.8807,31.2559,1023.1581,,,,,
43914,1949,2011-08-10T14:50:22Z,16,15.6662,3.9087,30.9977,1022.8149,,,,,
43913,1949,2011-08-10T14:50:35Z,15,17.9903,4.056,30.4853,1021.8854,,,,,
43912,1949,2011-08-10T14:50:45Z,14,20.1996,4.2247,30.2529,1021.1542,,,,,
43911,1949,2011-08-10T14:50:55Z,13,21.233,4.3078,30.176,1020.8213,,,,,
43910,1949,2011-08-10T14:51:05Z,12,21.6898,4.344,30.1388,1020.6658,,,,,
43909,1949,2011-08-10T14:51:16Z,11,22.6401,4.4144,30.0214,1020.3117,,,,,
43908,1949,2011-08-10T14:51:26Z,10,23.2839,4.4649,29.9645,1020.0835,,,,,
43907,1949,2011-08-10T14:51:36Z,9,23.5832,4.4923,29.9669,1019.996,,,,,
43906,1949,2011-08-10T14:51:46Z,8,23.842,4.5174,29.9791,1019.9255,,,,,
43905,1949,2011-08-10T14:51:54Z,7,23.9471,4.529,29.9951,1019.9038,,,,,
43904,1949,2011-08-10T14:52:02Z,6,24.041,4.5402,30.0146,1019.8872,,,,,
43903,1949,2011-08-10T14:52:12Z,5,24.0583,4.545,30.0387,1019.8954,,,,,
43902,1949,2011-08-10T14:52:22Z,4,24.0761,4.5479,30.0489,1019.8932,,,,,
43901,1949,2011-08-10T14:52:29Z,3,24.0924,4.5425,29.9984,1019.8472,,,,,
43918,1950,2011-08-10T14:52:32Z,3,24.0949,4.5401,29.9785,1019.8316,,,,,
43919,1950,2011-08-10T14:52:44Z,4,24.0752,4.5496,30.0618,1019.904,,,,,
43920,1950,2011-08-10T14:52:59Z,5,24.0624,4.5523,30.0905,1019.9337,,,,,
43921,1950,2011-08-10T14:53:12Z,6,24.05,4.5523,30.0978,1019.9466,,,,,
43922,1950,2011-08-10T14:53:23Z,7,24.0284,4.5511,30.1034,1019.9607,,,,,
43923,1950,2011-08-10T14:53:38Z,8,23.9078,4.5424,30.12,1020.0125,,,,,
43924,1950,2011-08-10T14:53:52Z,9,23.7052,4.5266,30.1397,1020.0906,,,,,
43925,1950,2011-08-10T14:54:04Z,10,23.4055,4.5047,30.1794,1020.2109,,,,,
43926,1950,2011-08-10T14:54:15Z,11,22.8842,4.4727,30.2958,1020.4504,,,,,
43927,1950,2011-08-10T14:54:27Z,12,21.959,4.4181,30.5234,1020.8832,,,,,
43928,1950,2011-08-10T14:54:37Z,13,21.2669,4.3698,30.6374,1021.1617,,,,,
43929,1950,2011-08-10T14:54:44Z,14,20.6642,4.3326,30.7775,1021.4314,,,,,
43930,1950,2011-08-10T14:54:53Z,15,18.9268,4.2332,31.2567,1022.2449,,,,,
43931,1950,2011-08-10T14:55:06Z,16,16.4036,4.0641,31.7767,1023.246,,,,,
43932,1950,2011-08-10T14:55:19Z,17,15.0682,3.9331,31.6889,1023.4816,,,,,
43933,1950,2011-08-10T14:55:29Z,18,14.6015,3.8829,31.6147,1023.5282,,,,,
43934,1950,2011-08-10T14:55:37Z,19,14.3948,3.8588,31.5639,1023.5372,,,,,
43935,1950,2011-08-10T14:55:46Z,20,14.3197,3.8495,31.5397,1023.5369,,,,,
43953,1951,2011-08-10T14:55:48Z,20,14.3137,3.8485,31.5357,1023.5352,,,,,
43952,1951,2011-08-10T14:55:55Z,19,14.3597,3.8469,31.4839,1023.4827,,,,,
43951,1951,2011-08-10T14:56:06Z,18,14.4784,3.8492,31.4095,1023.3961,,,,,
43950,1951,2011-08-10T14:56:21Z,17,14.9058,3.87,31.2537,1023.181,,,,,
43949,1951,2011-08-10T14:56:33Z,16,15.2911,3.8904,31.1294,1022.9985,,,,,
43948,1951,2011-08-10T14:56:46Z,15,17.1525,3.9855,30.5185,1022.1065,,,,,
43947,1951,2011-08-10T14:57:01Z,14,19.8103,4.1975,30.3142,1021.2984,,,,,
43946,1951,2011-08-10T14:57:13Z,13,21.076,4.2973,30.205,1020.8846,,,,,
43945,1951,2011-08-10T14:57:25Z,12,21.8677,4.3568,30.1136,1020.5973,,,,,
43944,1951,2011-08-10T14:57:35Z,11,22.5926,4.411,30.0286,1020.3309,,,,,
43943,1951,2011-08-10T14:57:41Z,10,23.331,4.4681,29.9563,1020.0633,,,,,
43942,1951,2011-08-10T14:57:48Z,9,23.5951,4.4915,29.9528,1019.982,,,,,
43941,1951,2011-08-10T14:57:55Z,8,23.83,4.5139,29.9618,1019.9166,,,,,
43940,1951,2011-08-10T14:58:05Z,7,24.0032,4.5325,29.9833,1019.8775,,,,,
43939,1951,2011-08-10T14:58:15Z,6,24.0376,4.5391,30.0089,1019.8824,,,,,
43938,1951,2011-08-10T14:58:22Z,5,24.0461,4.5419,30.0243,1019.8883,,,,,
43937,1951,2011-08-10T14:58:32Z,4,24.0675,4.5451,30.0342,1019.885,,,,,
43936,1951,2011-08-10T14:58:41Z,3,24.0954,4.536,29.9483,1019.8089,,,,,
43954,1952,2011-08-10T14:58:41Z,3,24.0954,4.536,29.9483,1019.8089,,,,,
43955,1952,2011-08-10T14:58:51Z,4,24.0696,4.5467,30.0445,1019.892,,,,,
43956,1952,2011-08-10T14:59:06Z,5,24.0452,4.5497,30.0826,1019.9326,,,,,
43957,1952,2011-08-10T14:59:21Z,6,24.0306,4.55,30.0939,1019.9498,,,,,
43958,1952,2011-08-10T14:59:33Z,7,24.0018,4.5482,30.0998,1019.9666,,,,,
43959,1952,2011-08-10T14:59:46Z,8,23.844,4.5364,30.119,1020.0307,,,,,
43960,1952,2011-08-10T14:59:59Z,9,23.6388,4.5208,30.1417,1020.1115,,,,,
43961,1952,2011-08-10T15:00:09Z,10,23.3366,4.4991,30.1847,1020.2348,,,,,
43962,1952,2011-08-10T15:00:19Z,11,22.8395,4.469,30.299,1020.4657,,,,,
43963,1952,2011-08-10T15:00:29Z,12,22.0775,4.4231,30.478,1020.817,,,,,
43964,1952,2011-08-10T15:00:38Z,13,21.1912,4.3687,30.6829,1021.2163,,,,,
43965,1952,2011-08-10T15:00:50Z,14,20.1073,4.3053,30.9675,1021.7203,,,,,
43966,1952,2011-08-10T15:01:02Z,15,17.5512,4.1613,31.7115,1022.9276,,,,,
43967,1952,2011-08-10T15:01:12Z,16,15.6459,4.0103,31.9103,1023.5217,,,,,
43968,1952,2011-08-10T15:01:22Z,17,14.986,3.9233,31.6678,1023.4832,,,,,
43969,1952,2011-08-10T15:01:30Z,18,14.6323,3.886,31.6183,1023.5237,,,,,
43970,1952,2011-08-10T15:01:38Z,19,14.4482,3.8656,31.5822,1023.5393,,,,,
43971,1952,2011-08-10T15:01:45Z,20,14.3726,3.8529,31.5279,1023.5171,,,,,
43988,1953,2011-08-10T15:01:48Z,20,14.3403,3.8511,31.538,1023.5315,,,,,
43987,1953,2011-08-10T15:01:58Z,19,14.3858,3.8483,31.4759,1023.471,,,,,
43986,1953,2011-08-10T15:02:10Z,18,14.5378,3.8535,31.3999,1023.3769,,,,,
43985,1953,2011-08-10T15:02:24Z,17,14.8395,3.8673,31.2825,1023.2181,,,,,
43984,1953,2011-08-10T15:02:40Z,16,15.3485,3.8927,31.1044,1022.9675,,,,,
43983,1953,2011-08-10T15:02:55Z,15,17.1644,3.9878,30.5287,1022.1123,,,,,
43982,1953,2011-08-10T15:03:10Z,14,19.2765,4.1636,30.427,1021.5197,,,,,
43981,1953,2011-08-10T15:03:20Z,13,20.7968,4.276,30.2345,1020.9816,,,,,
43980,1953,2011-08-10T15:03:28Z,12,21.4108,4.3202,30.1491,1020.7493,,,,,
43979,1953,2011-08-10T15:03:38Z,11,22.5346,4.4031,30.0084,1020.3305,,,,,
43978,1953,2011-08-10T15:03:48Z,10,23.3865,4.4705,29.937,1020.032,,,,,
43977,1953,2011-08-10T15:03:55Z,9,23.6757,4.4974,29.9425,1019.9495,,,,,
43976,1953,2011-08-10T15:04:03Z,8,23.8316,4.5131,29.9545,1019.9103,,,,,
43975,1953,2011-08-10T15:04:13Z,7,23.9791,4.5293,29.976,1019.8795,,,,,
43974,1953,2011-08-10T15:04:23Z,6,24.0282,4.5375,30.0032,1019.8816,,,,,
43973,1953,2011-08-10T15:04:33Z,5,24.045,4.5419,30.0246,1019.8891,,,,,
43972,1953,2011-08-10T15:04:45Z,4,24.0673,4.5436,30.0226,1019.8764,,,,,
43989,1954,2011-08-10T15:04:52Z,4,24.0791,4.5437,30.016,1019.8674,,,,,
43990,1954,2011-08-10T15:05:06Z,5,24.0474,4.5483,30.0706,1019.9224,,,,,
43991,1954,2011-08-10T15:05:19Z,6,24.0351,4.5493,30.0863,1019.9426,,,,,
43992,1954,2011-08-10T15:05:29Z,7,24.0208,4.549,30.0929,1019.9554,,,,,
43993,1954,2011-08-10T15:05:41Z,8,23.9407,4.5431,30.1029,1019.9908,,,,,
43994,1954,2011-08-10T15:05:54Z,9,23.7623,4.5289,30.1182,1020.0585,,,,,
43995,1954,2011-08-10T15:06:04Z,10,23.5821,4.5153,30.1385,1020.1293,,,,,
43996,1954,2011-08-10T15:06:16Z,11,23.1506,4.4875,30.2244,1020.3211,,,,,
43997,1954,2011-08-10T15:06:30Z,12,22.0585,4.4242,30.4996,1020.8387,,,,,
43998,1954,2011-08-10T15:06:42Z,13,21.0278,4.3591,30.7244,1021.2927,,,,,
43999,1954,2011-08-10T15:06:53Z,14,20.3644,4.3128,30.8366,1021.5568,,,,,
44000,1954,2011-08-10T15:07:05Z,15,17.7998,4.169,31.5826,1022.7696,,,,,
44001,1954,2011-08-10T15:07:17Z,16,15.7922,4.0226,31.9005,1023.4817,,,,,
44002,1954,2011-08-10T15:07:27Z,17,15.1345,3.9372,31.6721,1023.4539,,,,,
44003,1954,2011-08-10T15:07:36Z,18,14.725,3.8928,31.6039,1023.493,,,,,
44004,1954,2011-08-10T15:07:46Z,19,14.5028,3.8665,31.5459,1023.5001,,,,,
44005,1954,2011-08-10T15:07:55Z,20,14.2542,3.8443,31.5459,1023.5562,,,,,
44023,1955,2011-08-10T15:07:58Z,20,14.2469,3.8431,31.5406,1023.5543,,,,,
44022,1955,2011-08-10T15:08:07Z,19,14.3647,3.8442,31.4551,1023.4598,,,,,
44021,1955,2011-08-10T15:08:22Z,18,14.6862,3.8595,31.3345,1023.2944,,,,,
44020,1955,2011-08-10T15:08:35Z,17,15.0868,3.8789,31.189,1023.0929,,,,,
44019,1955,2011-08-10T15:08:47Z,16,15.9999,3.9196,30.8329,1022.6149,,,,,
44018,1955,2011-08-10T15:08:58Z,15,17.8696,4.0523,30.5447,1021.9612,,,,,
44017,1955,2011-08-10T15:09:10Z,14,19.7628,4.2059,30.4157,1021.3903,,,,,
44016,1955,2011-08-10T15:09:21Z,13,20.7724,4.2799,30.2825,1021.024,,,,,
44015,1955,2011-08-10T15:09:32Z,12,21.5686,4.3363,30.1638,1020.7167,,,,,
44014,1955,2011-08-10T15:09:44Z,11,22.7801,4.4234,29.9946,1020.2511,,,,,
44013,1955,2011-08-10T15:09:52Z,10,23.2831,4.4627,29.9482,1020.0721,,,,,
44012,1955,2011-08-10T15:10:00Z,9,23.5678,4.4891,29.9536,1019.9904,,,,,
44011,1955,2011-08-10T15:10:10Z,8,23.8344,4.5145,29.9634,1019.9157,,,,,
44010,1955,2011-08-10T15:10:17Z,7,23.9999,4.5318,29.9805,1019.8765,,,,,
44009,1955,2011-08-10T15:10:25Z,6,24.0236,4.5367,30.0009,1019.8816,,,,,
44008,1955,2011-08-10T15:10:35Z,5,24.0409,4.5415,30.0251,1019.8899,,,,,
44007,1955,2011-08-10T15:10:45Z,4,24.0553,4.5442,30.0357,1019.889,,,,,
44006,1955,2011-08-10T15:10:53Z,3,24.0763,4.544,30.02,1019.8687,,,,,
44024,1956,2011-08-10T15:10:53Z,3,24.0763,4.544,30.02,1019.8687,,,,,
44025,1956,2011-08-10T15:11:02Z,4,24.0536,4.5469,30.0566,1019.9059,,,,,
44026,1956,2011-08-10T15:11:17Z,5,24.0364,4.5484,30.0789,1019.9321,,,,,
44027,1956,2011-08-10T15:11:32Z,6,24.0183,4.548,30.0876,1019.9486,,,,,
44028,1956,2011-08-10T15:11:47Z,7,23.9837,4.5459,30.0952,1019.9688,,,,,
44029,1956,2011-08-10T15:12:00Z,8,23.8434,4.5358,30.1148,1020.0285,,,,,
44030,1956,2011-08-10T15:12:10Z,9,23.6226,4.5186,30.1364,1020.1121,,,,,
44031,1956,2011-08-10T15:12:20Z,10,23.4474,4.5054,30.1565,1020.1814,,,,,
44032,1956,2011-08-10T15:12:32Z,11,22.8775,4.4708,30.2864,1020.4452,,,,,
44033,1956,2011-08-10T15:12:43Z,12,21.6532,4.4041,30.6303,1021.0479,,,,,
44034,1956,2011-08-10T15:12:53Z,13,20.752,4.3418,30.7869,1021.4126,,,,,
44035,1956,2011-08-10T15:13:02Z,14,19.4042,4.2634,31.1471,1022.0383,,,,,
44036,1956,2011-08-10T15:13:12Z,15,17.4803,4.1414,31.5954,1022.8561,,,,,
44037,1956,2011-08-10T15:13:22Z,16,15.902,4.0206,31.7954,1023.3759,,,,,
44038,1956,2011-08-10T15:13:32Z,17,15.1196,3.9341,31.6566,1023.4454,,,,,
44039,1956,2011-08-10T15:13:40Z,18,14.7801,3.8967,31.5944,1023.4735,,,,,
44040,1956,2011-08-10T15:13:50Z,19,14.4182,3.8619,31.5728,1023.5384,,,,,
44058,1957,2011-08-10T15:14:00Z,19,14.3736,3.852,31.5192,1023.5065,,,,,
44057,1957,2011-08-10T15:14:12Z,18,14.6223,3.8615,31.4039,1023.3616,,,,,
44056,1957,2011-08-10T15:14:24Z,17,14.969,3.8777,31.2716,1023.1821,,,,,
44055,1957,2011-08-10T15:14:40Z,16,15.9014,3.9193,30.9075,1022.6938,,,,,
44054,1957,2011-08-10T15:14:51Z,15,17.6641,4.0383,30.5806,1022.0369,,,,,
44053,1957,2011-08-10T15:15:01Z,14,18.84,4.1434,30.5809,1021.7485,,,,,
44052,1957,2011-08-10T15:15:14Z,13,20.395,4.2547,30.3519,1021.1757,,,,,
44051,1957,2011-08-10T15:15:27Z,12,21.2477,4.3128,30.2056,1020.8346,,,,,
44050,1957,2011-08-10T15:15:34Z,11,22.522,4.3992,29.9868,1020.3181,,,,,
44049,1957,2011-08-10T15:15:42Z,10,23.2844,4.4599,29.9261,1020.0536,,,,,
44048,1957,2011-08-10T15:15:49Z,9,23.5301,4.4846,29.9451,1019.9933,,,,,
44047,1957,2011-08-10T15:15:57Z,8,23.7711,4.5065,29.9465,1019.9212,,,,,
44046,1957,2011-08-10T15:16:04Z,7,23.9539,4.5247,29.9585,1019.8738,,,,,
44045,1957,2011-08-10T15:16:12Z,6,24.0181,4.534,29.9844,1019.8709,,,,,
44044,1957,2011-08-10T15:16:22Z,5,24.035,4.5389,30.0095,1019.8803,,,,,
44043,1957,2011-08-10T15:16:32Z,4,24.0453,4.5423,30.028,1019.8868,,,,,
44042,1957,2011-08-10T15:16:42Z,3,24.0861,4.5362,29.9561,1019.8161,,,,,
44041,1957,2011-08-10T15:16:55Z,2,24.2157,4.4982,29.5907,1019.4978,,,,,
44059,1958,2011-08-10T15:40:14Z,3,24.0868,4.5407,29.9889,1019.8416,,,,,
44060,1958,2011-08-10T15:40:26Z,4,24.0507,4.5525,30.0995,1019.9394,,,,,
44061,1958,2011-08-10T15:40:39Z,5,24.0382,4.5529,30.1109,1019.9561,,,,,
44062,1958,2011-08-10T15:40:48Z,6,24.026,4.5516,30.1093,1019.962,,,,,
44063,1958,2011-08-10T15:41:00Z,7,23.9812,4.5473,30.107,1019.9781,,,,,
44064,1958,2011-08-10T15:41:13Z,8,23.835,4.5353,30.1168,1020.033,,,,,
44065,1958,2011-08-10T15:41:22Z,9,23.6757,4.5221,30.1266,1020.0899,,,,,
44066,1958,2011-08-10T15:41:30Z,10,23.5013,4.5088,30.1451,1020.1569,,,,,
44067,1958,2011-08-10T15:41:37Z,11,23.032,4.476,30.2193,1020.3509,,,,,
44068,1958,2011-08-10T15:41:46Z,12,22.095,4.4154,30.4065,1020.7579,,,,,
44069,1958,2011-08-10T15:41:55Z,13,21.0994,4.3533,30.6278,1021.2006,,,,,
44070,1958,2011-08-10T15:42:02Z,14,20.2923,4.3019,30.8025,1021.55,,,,,
44071,1958,2011-08-10T15:42:09Z,15,18.8849,4.2027,31.0355,1022.0867,,,,,
44072,1958,2011-08-10T15:42:20Z,16,15.3813,3.9609,31.6854,1023.4062,,,,,
44073,1958,2011-08-10T15:42:33Z,17,14.795,3.912,31.7213,1023.5659,,,,,
44074,1958,2011-08-10T15:42:45Z,18,14.5242,3.882,31.6698,1023.588,,,,,
44075,1958,2011-08-10T15:42:54Z,19,14.3613,3.8673,31.6688,1023.6237,,,,,
44091,1959,2011-08-10T15:42:58Z,19,14.2693,3.8608,31.6845,1023.6552,,,,,
44090,1959,2011-08-10T15:43:08Z,18,14.4901,3.8576,31.4757,1023.4445,,,,,
44089,1959,2011-08-10T15:43:18Z,17,14.7132,3.8641,31.3553,1023.3003,,,,,
44088,1959,2011-08-10T15:43:27Z,16,14.9951,3.8781,31.2549,1023.1596,,,,,
44087,1959,2011-08-10T15:43:39Z,15,16.3757,3.9559,30.8626,1022.5438,,,,,
44086,1959,2011-08-10T15:43:49Z,14,19.3899,4.1483,30.2197,1021.3356,,,,,
44085,1959,2011-08-10T15:44:00Z,13,20.8388,4.264,30.1104,1020.8758,,,,,
44084,1959,2011-08-10T15:44:15Z,12,21.6369,4.3351,30.1067,1020.655,,,,,
44083,1959,2011-08-10T15:44:28Z,11,22.5494,4.4024,29.9924,1020.3143,,,,,
44082,1959,2011-08-10T15:44:40Z,10,23.2187,4.4473,29.8763,1020.0351,,,,,
44081,1959,2011-08-10T15:44:53Z,9,23.5823,4.4816,29.8876,1019.9356,,,,,
44080,1959,2011-08-10T15:45:03Z,8,23.8061,4.503,29.897,1019.8749,,,,,
44079,1959,2011-08-10T15:45:15Z,7,23.9666,4.5244,29.9478,1019.8622,,,,,
44078,1959,2011-08-10T15:45:28Z,6,24.0346,4.5377,30.0007,1019.878,,,,,
44077,1959,2011-08-10T15:45:37Z,5,24.0376,4.542,30.0309,1019.8962,,,,,
44076,1959,2011-08-10T15:45:50Z,4,24.0491,4.5456,30.05,1019.9026,,,,,
44092,1960,2011-08-10T15:45:59Z,4,24.0496,4.547,30.0601,1019.9101,,,,,
44093,1960,2011-08-10T15:46:11Z,5,24.0482,4.5492,30.077,1019.9269,,,,,
44094,1960,2011-08-10T15:46:24Z,6,24.0285,4.5488,30.0869,1019.9441,,,,,
44095,1960,2011-08-10T15:46:38Z,7,23.9865,4.5458,30.0929,1019.9652,,,,,
44096,1960,2011-08-10T15:46:53Z,8,23.8879,4.5383,30.1035,1020.0063,,,,,
44097,1960,2011-08-10T15:47:06Z,9,23.6795,4.5216,30.1202,1020.0833,,,,,
44098,1960,2011-08-10T15:47:16Z,10,23.3795,4.4994,30.1577,1020.2019,,,,,
44099,1960,2011-08-10T15:47:26Z,11,22.6788,4.4524,30.2833,1020.4991,,,,,
44100,1960,2011-08-10T15:47:36Z,12,21.7841,4.3944,30.4627,1020.8862,,,,,
44101,1960,2011-08-10T15:47:46Z,13,21.2942,4.3627,30.562,1021.0982,,,,,
44102,1960,2011-08-10T15:47:56Z,14,20.6219,4.3195,30.704,1021.3879,,,,,
44103,1960,2011-08-10T15:48:06Z,15,17.5975,4.1151,31.2843,1022.5806,,,,,
44104,1960,2011-08-10T15:48:16Z,16,15.0732,3.9458,31.7999,1023.5612,,,,,
44105,1960,2011-08-10T15:48:28Z,17,14.6999,3.9101,31.7817,1023.6318,,,,,
44119,1961,2011-08-10T15:48:37Z,17,14.5567,3.8913,31.7284,1023.6214,,,,,
44118,1961,2011-08-10T15:48:52Z,16,14.9468,3.8896,31.397,1023.2788,,,,,
44117,1961,2011-08-10T15:49:05Z,15,15.1719,3.895,31.2651,1023.1249,,,,,
44116,1961,2011-08-10T15:49:20Z,14,18.6647,4.1013,30.3672,1021.6226,,,,,
44115,1961,2011-08-10T15:49:39Z,13,20.9888,4.2755,30.0947,1020.8243,,,,,
44114,1961,2011-08-10T15:49:54Z,12,21.6076,4.3387,30.1546,1020.6996,,,,,
44113,1961,2011-08-10T15:50:04Z,11,22.3342,4.3931,30.0696,1020.4328,,,,,
44112,1961,2011-08-10T15:50:17Z,10,23.1489,4.4495,29.9402,1020.1026,,,,,
44111,1961,2011-08-10T15:50:29Z,9,23.5639,4.4845,29.9219,1019.9667,,,,,
44110,1961,2011-08-10T15:50:41Z,8,23.7855,4.5074,29.9429,1019.9149,,,,,
44109,1961,2011-08-10T15:50:56Z,7,23.9597,4.528,29.9788,1019.8872,,,,,
44108,1961,2011-08-10T15:51:09Z,6,24.0066,4.5373,30.0162,1019.898,,,,,
44107,1961,2011-08-10T15:51:22Z,5,24.0335,4.543,30.0411,1019.9048,,,,,
44106,1961,2011-08-10T15:51:34Z,4,24.0509,4.5466,30.0563,1019.9072,,,,,
44120,1962,2011-08-10T15:51:39Z,4,24.0525,4.5473,30.0603,1019.9092,,,,,
44121,1962,2011-08-10T15:51:49Z,5,24.0419,4.5486,30.0763,1019.9281,,,,,
44122,1962,2011-08-10T15:51:59Z,6,24.023,4.5479,30.0841,1019.9432,,,,,
44123,1962,2011-08-10T15:52:10Z,7,23.9726,4.5447,30.0943,1019.9702,,,,,
44124,1962,2011-08-10T15:52:23Z,8,23.8133,4.5322,30.1087,1020.0322,,,,,
44125,1962,2011-08-10T15:52:33Z,9,23.557,4.5123,30.1338,1020.129,,,,,
44126,1962,2011-08-10T15:52:42Z,10,23.1999,4.4875,30.191,1020.2777,,,,,
44127,1962,2011-08-10T15:52:53Z,11,22.4148,4.4359,30.3407,1020.6158,,,,,
44128,1962,2011-08-10T15:53:04Z,12,21.6912,4.3893,30.4887,1020.9308,,,,,
44129,1962,2011-08-10T15:53:16Z,13,21.2007,4.3589,30.5992,1021.1513,,,,,
44130,1962,2011-08-10T15:53:28Z,14,19.7616,4.2714,30.9468,1021.7947,,,,,
44131,1962,2011-08-10T15:53:36Z,15,16.8098,4.081,31.6016,1023.0183,,,,,
44132,1962,2011-08-10T15:53:43Z,16,15.1306,3.9567,31.8509,1023.5876,,,,,
44133,1962,2011-08-10T15:53:55Z,17,14.8666,3.9205,31.7394,1023.5638,,,,,
44134,1962,2011-08-10T15:54:05Z,18,14.8178,3.9104,31.6884,1023.5376,,,,,
44149,1963,2011-08-10T15:54:05Z,18,14.8178,3.9104,31.6884,1023.5376,,,,,
44148,1963,2011-08-10T15:54:15Z,17,14.8521,3.8918,31.4931,1023.3765,,,,,
44147,1963,2011-08-10T15:54:27Z,16,14.9947,3.8878,31.3423,1023.2261,,,,,
44146,1963,2011-08-10T15:54:39Z,15,16.7102,3.9809,30.8214,1022.436,,,,,
44145,1963,2011-08-10T15:54:54Z,14,20.4343,4.2216,30.0603,1020.947,,,,,
44144,1963,2011-08-10T15:55:08Z,13,21.3184,4.3048,30.0932,1020.7362,,,,,
44143,1963,2011-08-10T15:55:23Z,12,22.048,4.3706,30.0951,1020.5352,,,,,
44142,1963,2011-08-10T15:55:36Z,11,22.9047,4.4318,29.9724,1020.1997,,,,,
44141,1963,2011-08-10T15:55:46Z,10,23.4041,4.4686,29.9107,1020.0079,,,,,
44140,1963,2011-08-10T15:55:56Z,9,23.6385,4.4921,29.9284,1019.9505,,,,,
44139,1963,2011-08-10T15:56:08Z,8,23.8656,4.5147,29.9434,1019.8921,,,,,
44138,1963,2011-08-10T15:56:20Z,7,23.9915,4.5315,29.9839,1019.8817,,,,,
44137,1963,2011-08-10T15:56:30Z,6,24.0258,4.539,30.0159,1019.8922,,,,,
44136,1963,2011-08-10T15:56:43Z,5,24.0528,4.5449,30.0422,1019.8994,,,,,
44135,1963,2011-08-10T15:56:55Z,4,24.0719,4.5469,30.0439,1019.8899,,,,,
44150,1964,2011-08-10T15:57:05Z,4,24.0687,4.5471,30.0481,1019.8946,,,,,
44151,1964,2011-08-10T15:57:22Z,5,24.0512,4.5505,30.084,1019.9319,,,,,
44152,1964,2011-08-10T15:57:35Z,6,24.0328,4.5498,30.0911,1019.9465,,,,,
44153,1964,2011-08-10T15:57:48Z,7,24.0053,4.5479,30.0958,1019.962,,,,,
44154,1964,2011-08-10T15:58:03Z,8,23.9226,4.5415,30.1039,1019.9966,,,,,
44155,1964,2011-08-10T15:58:18Z,9,23.6771,4.522,30.1244,1020.0877,,,,,
44156,1964,2011-08-10T15:58:28Z,10,23.5136,4.5091,30.1393,1020.1498,,,,,
44157,1964,2011-08-10T15:58:35Z,11,23.1566,4.4846,30.1988,1020.2999,,,,,
44158,1964,2011-08-10T15:58:45Z,12,22.5008,4.4411,30.3202,1020.5804,,,,,
44159,1964,2011-08-10T15:58:56Z,13,21.8557,4.399,30.4475,1020.8593,,,,,
44160,1964,2011-08-10T15:59:05Z,14,21.3858,4.3699,30.5535,1021.0705,,,,,
44161,1964,2011-08-10T15:59:15Z,15,19.9703,4.2816,30.8752,1021.6903,,,,,
44162,1964,2011-08-10T15:59:27Z,16,15.5143,3.9787,31.7374,1023.4169,,,,,
44163,1964,2011-08-10T15:59:36Z,17,14.8935,3.9245,31.7539,1023.5694,,,,,
44164,1964,2011-08-10T15:59:47Z,18,14.7228,3.9078,31.7417,1023.5996,,,,,
44179,1965,2011-08-10T15:59:52Z,18,14.6646,3.9017,31.7341,1023.6068,,,,,
44178,1965,2011-08-10T16:00:02Z,17,14.8564,3.8897,31.4702,1023.3585,,,,,
44177,1965,2011-08-10T16:00:14Z,16,15.091,3.8921,31.3041,1023.1765,,,,,
44176,1965,2011-08-10T16:00:27Z,15,17.624,4.0331,30.5745,1022.033,,,,,
44175,1965,2011-08-10T16:00:44Z,14,21.0587,4.2598,29.9225,1020.6791,,,,,
44174,1965,2011-08-10T16:01:00Z,13,21.7389,4.3396,30.0697,1020.6045,,,,,
44173,1965,2011-08-10T16:01:13Z,12,22.1161,4.3784,30.1077,1020.5269,,,,,
44172,1965,2011-08-10T16:01:23Z,11,22.8013,4.428,30.0142,1020.2616,,,,,
44171,1965,2011-08-10T16:01:33Z,10,23.3137,4.4637,29.9353,1020.0532,,,,,
44170,1965,2011-08-10T16:01:46Z,9,23.6331,4.493,29.9388,1019.9597,,,,,
44169,1965,2011-08-10T16:01:58Z,8,23.8738,4.5164,29.9508,1019.8948,,,,,
44168,1965,2011-08-10T16:02:08Z,7,23.9905,4.531,29.9805,1019.8797,,,,,
44167,1965,2011-08-10T16:02:21Z,6,24.029,4.54,30.0213,1019.8948,,,,,
44166,1965,2011-08-10T16:02:33Z,5,24.0544,4.5455,30.0456,1019.9009,,,,,
44165,1965,2011-08-10T16:02:43Z,4,24.0725,4.5484,30.055,1019.8988,,,,,
44180,1966,2011-08-10T16:02:50Z,4,24.0731,4.5492,30.0604,1019.9029,,,,,
44181,1966,2011-08-10T16:03:05Z,5,24.0512,4.5503,30.0831,1019.931,,,,,
44182,1966,2011-08-10T16:03:18Z,6,24.0321,4.5498,30.0915,1019.947,,,,,
44183,1966,2011-08-10T16:03:30Z,7,24.0101,4.5485,30.0969,1019.9614,,,,,
44184,1966,2011-08-10T16:03:45Z,8,23.8542,4.5359,30.1082,1020.0197,,,,,
44185,1966,2011-08-10T16:04:00Z,9,23.6116,4.5165,30.1277,1020.1089,,,,,
44186,1966,2011-08-10T16:04:12Z,10,23.3453,4.4973,30.165,1020.2173,,,,,
44187,1966,2011-08-10T16:04:22Z,11,22.883,4.4668,30.2517,1020.4176,,,,,
44188,1966,2011-08-10T16:04:30Z,12,22.3232,4.4293,30.3538,1020.6547,,,,,
44189,1966,2011-08-10T16:04:42Z,13,21.6172,4.3844,30.5024,1020.9653,,,,,
44190,1966,2011-08-10T16:04:55Z,14,19.9159,4.2756,30.8677,1021.694,,,,,
44191,1966,2011-08-10T16:05:07Z,15,15.5318,3.9783,31.7193,1023.3963,,,,,
44192,1966,2011-08-10T16:05:17Z,16,14.9636,3.9325,31.7691,1023.5615,,,,,
44193,1966,2011-08-10T16:05:28Z,17,14.809,3.9103,31.6947,1023.541,,,,,
44194,1966,2011-08-10T16:05:38Z,18,14.7439,3.8954,31.6125,1023.4959,,,,,
44209,1967,2011-08-10T16:05:44Z,18,14.7088,3.8899,31.5915,1023.4872,,,,,
44208,1967,2011-08-10T16:05:58Z,17,14.7538,3.8761,31.4303,1023.3494,,,,,
44207,1967,2011-08-10T16:06:13Z,16,14.9372,3.8778,31.2982,1023.2047,,,,,
44206,1967,2011-08-10T16:06:27Z,15,15.5658,3.9098,31.0862,1022.901,,,,,
44205,1967,2011-08-10T16:06:41Z,14,18.9007,4.1063,30.2368,1021.464,,,,,
44204,1967,2011-08-10T16:06:54Z,13,21.2654,4.2822,29.9537,1020.6434,,,,,
44203,1967,2011-08-10T16:07:05Z,12,21.9937,4.3565,30.0242,1020.4958,,,,,
44202,1967,2011-08-10T16:07:16Z,11,22.559,4.4054,30.0088,1020.3239,,,,,
44201,1967,2011-08-10T16:07:26Z,10,23.146,4.4499,29.9449,1020.1066,,,,,
44200,1967,2011-08-10T16:07:35Z,9,23.4959,4.4775,29.9155,1019.9818,,,,,
44199,1967,2011-08-10T16:07:47Z,8,23.7396,4.5023,29.9358,1019.9229,,,,,
44198,1967,2011-08-10T16:08:02Z,7,23.9636,4.526,29.9617,1019.8733,,,,,
44197,1967,2011-08-10T16:08:16Z,6,24.0281,4.5382,30.0087,1019.8858,,,,,
44196,1967,2011-08-10T16:08:29Z,5,24.0536,4.5445,30.0387,1019.8967,,,,,
44195,1967,2011-08-10T16:08:40Z,4,24.0772,4.5484,30.0514,1019.8947,,,,,
44210,1968,2011-08-10T16:08:52Z,4,24.0774,4.5495,30.0595,1019.9007,,,,,
44211,1968,2011-08-10T16:09:07Z,5,24.058,4.5508,30.0819,1019.9278,,,,,
44212,1968,2011-08-10T16:09:22Z,6,24.0326,4.5499,30.0921,1019.9475,,,,,
44213,1968,2011-08-10T16:09:35Z,7,23.9979,4.5476,30.0979,1019.9663,,,,,
44214,1968,2011-08-10T16:09:48Z,8,23.8254,4.5345,30.117,1020.0347,,,,,
44215,1968,2011-08-10T16:10:03Z,9,23.5498,4.5127,30.1415,1020.1371,,,,,
44216,1968,2011-08-10T16:10:15Z,10,23.1583,4.4854,30.2033,1020.3002,,,,,
44217,1968,2011-08-10T16:10:23Z,11,22.6971,4.4549,30.2899,1020.4993,,,,,
44218,1968,2011-08-10T16:10:30Z,12,22.2818,4.4269,30.3645,1020.6742,,,,,
44219,1968,2011-08-10T16:10:40Z,13,21.8272,4.3984,30.4628,1020.8775,,,,,
44220,1968,2011-08-10T16:10:50Z,14,20.6885,4.3306,30.744,1021.3994,,,,,
44221,1968,2011-08-10T16:11:01Z,15,18.4896,4.1754,31.1075,1022.2394,,,,,
44222,1968,2011-08-10T16:11:11Z,16,15.3977,3.9741,31.7899,1023.4828,,,,,
44223,1968,2011-08-10T16:11:23Z,17,14.9081,3.9264,31.7594,1023.5704,,,,,
44224,1968,2011-08-10T16:11:36Z,18,14.7787,3.9031,31.6539,1023.5216,,,,,
44241,1969,2011-08-10T16:11:43Z,18,14.7329,3.8932,31.6013,1023.491,,,,,
44240,1969,2011-08-10T16:11:59Z,17,14.8554,3.8815,31.3968,1023.3029,,,,,
44239,1969,2011-08-10T16:12:14Z,16,15.0954,3.887,31.2551,1023.1375,,,,,
44238,1969,2011-08-10T16:12:29Z,15,17.6368,4.0399,30.6196,1022.0655,,,,,
44237,1969,2011-08-10T16:12:41Z,14,20.218,4.2045,30.078,1021.0173,,,,,
44236,1969,2011-08-10T16:12:56Z,13,21.6485,4.3228,30.0025,1020.5772,,,,,
44235,1969,2011-08-10T16:13:08Z,12,22.1875,4.3811,30.0789,1020.4836,,,,,
44234,1969,2011-08-10T16:13:16Z,11,22.736,4.4206,30.0033,1020.2709,,,,,
44233,1969,2011-08-10T16:13:26Z,10,23.1906,4.4543,29.9481,1020.097,,,,,
44232,1969,2011-08-10T16:13:36Z,9,23.5347,4.4814,29.9185,1019.9728,,,,,
44231,1969,2011-08-10T16:13:49Z,8,23.7783,4.5054,29.9331,1019.9095,,,,,
44230,1969,2011-08-10T16:14:01Z,7,23.9438,4.525,29.9674,1019.8831,,,,,
44229,1969,2011-08-10T16:14:11Z,6,24.0082,4.5354,30.0016,1019.8867,,,,,
44228,1969,2011-08-10T16:14:24Z,5,24.0402,4.5429,30.0356,1019.8984,,,,,
44227,1969,2011-08-10T16:14:36Z,4,24.0683,4.548,30.0545,1019.8999,,,,,
44226,1969,2011-08-10T16:14:48Z,3,24.1062,4.5444,30.0034,1019.8456,,,,,
44225,1969,2011-08-10T16:15:01Z,2,24.3216,4.5096,29.6041,1019.4774,,,,,
44242,1970,2011-08-10T16:41:47Z,3,24.1105,4.5523,30.0584,1019.8866,,,,,
44243,1970,2011-08-10T16:41:58Z,4,24.0723,4.5568,30.1171,1019.9463,,,,,
44244,1970,2011-08-10T16:42:09Z,5,24.042,4.5548,30.122,1019.9637,,,,,
44245,1970,2011-08-10T16:42:18Z,6,24.0179,4.5519,30.1165,1019.9697,,,,,
44246,1970,2011-08-10T16:42:27Z,7,23.9655,4.5466,30.1128,1019.9865,,,,,
44247,1970,2011-08-10T16:42:37Z,8,23.8265,4.5342,30.1142,1020.0331,,,,,
44248,1970,2011-08-10T16:42:44Z,9,23.6823,4.5231,30.129,1020.0889,,,,,
44249,1970,2011-08-10T16:42:52Z,10,23.475,4.5091,30.1651,1020.1797,,,,,
44250,1970,2011-08-10T16:43:01Z,11,22.9866,4.4774,30.2611,1020.3956,,,,,
44251,1970,2011-08-10T16:43:10Z,12,22.5913,4.4507,30.3306,1020.563,,,,,
44252,1970,2011-08-10T16:43:20Z,13,21.9924,4.4152,30.4772,1020.8439,,,,,
44253,1970,2011-08-10T16:43:30Z,14,20.5788,4.3385,30.8866,1021.5373,,,,,
44254,1970,2011-08-10T16:43:41Z,15,17.9026,4.1907,31.6853,1022.8214,,,,,
44255,1970,2011-08-10T16:43:49Z,16,15.7619,4.0052,31.7722,1023.3892,,,,,
44256,1970,2011-08-10T16:43:59Z,17,14.9477,3.9208,31.6767,1023.4986,,,,,
44257,1970,2011-08-10T16:44:07Z,18,14.7473,3.8954,31.6099,1023.4944,,,,,
44258,1970,2011-08-10T16:44:14Z,19,14.6629,3.8813,31.5498,1023.4697,,,,,
44259,1970,2011-08-10T16:44:24Z,20,14.3072,3.8516,31.5691,1023.5639,,,,,
44276,1971,2011-08-10T16:44:30Z,20,14.1063,3.8348,31.5796,1023.6138,,,,,
44275,1971,2011-08-10T16:44:46Z,19,14.5688,3.8548,31.3862,1023.3638,,,,,
44274,1971,2011-08-10T16:45:01Z,18,14.735,3.8625,31.3224,1023.2752,,,,,
44273,1971,2011-08-10T16:45:16Z,17,14.8399,3.8666,31.2751,1023.212,,,,,
44272,1971,2011-08-10T16:45:32Z,16,15.1884,3.8841,31.1549,1023.0398,,,,,
44271,1971,2011-08-10T16:45:46Z,15,16.2717,3.9309,30.723,1022.4646,,,,,
44270,1971,2011-08-10T16:46:01Z,14,19.2368,4.1067,29.9914,1021.1972,,,,,
44269,1971,2011-08-10T16:46:12Z,13,21.1946,4.2821,30.002,1020.6987,,,,,
44268,1971,2011-08-10T16:46:21Z,12,22.1761,4.3691,29.9948,1020.4235,,,,,
44267,1971,2011-08-10T16:46:29Z,11,22.4878,4.3978,29.9997,1020.3372,,,,,
44266,1971,2011-08-10T16:46:38Z,10,22.9601,4.4379,29.9815,1020.1879,,,,,
44265,1971,2011-08-10T16:46:47Z,9,23.4031,4.476,29.9672,1020.047,,,,,
44264,1971,2011-08-10T16:46:58Z,8,23.7212,4.5041,29.9622,1019.9475,,,,,
44263,1971,2011-08-10T16:47:06Z,7,23.9049,4.5224,29.9744,1019.8996,,,,,
44262,1971,2011-08-10T16:47:15Z,6,23.9791,4.532,29.9961,1019.8908,,,,,
44261,1971,2011-08-10T16:47:27Z,5,24.0336,4.5398,30.0173,1019.8863,,,,,
44260,1971,2011-08-10T16:47:42Z,4,24.0685,4.5458,30.0384,1019.887,,,,,
44277,1972,2011-08-10T16:47:50Z,4,24.0702,4.5474,30.0494,1019.8946,,,,,
44278,1972,2011-08-10T16:48:03Z,5,24.0399,4.5483,30.0756,1019.928,,,,,
44279,1972,2011-08-10T16:48:14Z,6,24.0007,4.5458,30.0837,1019.9498,,,,,
44280,1972,2011-08-10T16:48:26Z,7,23.9306,4.5405,30.0913,1019.9804,,,,,
44281,1972,2011-08-10T16:48:37Z,8,23.7799,4.5282,30.1012,1020.0359,,,,,
44282,1972,2011-08-10T16:48:48Z,9,23.5869,4.5146,30.1309,1020.1177,,,,,
44283,1972,2011-08-10T16:49:01Z,10,23.0911,4.4837,30.237,1020.3443,,,,,
44284,1972,2011-08-10T16:49:13Z,11,22.6723,4.4579,30.3294,1020.5364,,,,,
44285,1972,2011-08-10T16:49:23Z,12,22.1836,4.4234,30.4062,1020.734,,,,,
44286,1972,2011-08-10T16:49:34Z,13,21.7654,4.3992,30.513,1020.9328,,,,,
44287,1972,2011-08-10T16:49:45Z,14,20.5748,4.3302,30.8231,1021.4906,,,,,
44288,1972,2011-08-10T16:49:56Z,15,18.1264,4.2025,31.612,1022.7119,,,,,
44289,1972,2011-08-10T16:50:08Z,16,15.631,3.9859,31.7062,1023.3677,,,,,205.915
44290,1972,2011-08-10T16:50:17Z,17,14.9726,3.9193,31.6428,1023.4666,,,,,194.365
44291,1972,2011-08-10T16:50:26Z,18,14.7805,3.8953,31.5822,1023.4651,,,,,190.505
44292,1972,2011-08-10T16:50:35Z,19,14.6143,3.8739,31.5222,1023.4584,,,,,188.165
44293,1972,2011-08-10T16:50:45Z,20,14.3657,3.8511,31.5172,1023.5112,,,,,186
44311,1973,2011-08-10T16:50:50Z,20,14.3061,3.8455,31.5149,1023.5218,,,,,184.215
44310,1973,2011-08-10T16:51:02Z,19,14.5926,3.8567,31.3848,1023.3571,,,,,181.647
44309,1973,2011-08-10T16:51:14Z,18,14.7236,3.8622,31.3291,1023.2824,,,,,180.075
44308,1973,2011-08-10T16:51:26Z,17,14.8815,3.8691,31.265,1023.1958,,,,,180.827
44307,1973,2011-08-10T16:51:41Z,16,15.2985,3.8914,31.1327,1022.9997,,,,,182.917
44306,1973,2011-08-10T16:51:56Z,15,17.2591,3.9974,30.5417,1022.0983,,,,,186.103
44305,1973,2011-08-10T16:52:10Z,14,20.0812,4.1994,30.1344,1021.0937,,,,,197.363
44304,1973,2011-08-10T16:52:22Z,13,21.3547,4.3105,30.1119,1020.739,,,,,209.915
44303,1973,2011-08-10T16:52:29Z,12,22.0092,4.365,30.0784,1020.5323,,,,,217.43
44302,1973,2011-08-10T16:52:37Z,11,22.6219,4.409,29.9933,1020.2949,,,,,225.515
44301,1973,2011-08-10T16:52:44Z,10,23.1962,4.4559,29.956,1020.1019,,,,,231.4
44300,1973,2011-08-10T16:52:51Z,9,23.5958,4.491,29.949,1019.9783,,,,,234.605
44299,1973,2011-08-10T16:53:00Z,8,23.8558,4.5154,29.9553,1019.9035,,,,,236.04
44298,1973,2011-08-10T16:53:07Z,7,23.9386,4.526,29.9787,1019.8927,,,,,236.35
44297,1973,2011-08-10T16:53:14Z,6,23.985,4.5321,29.9925,1019.8862,,,,,236.455
44296,1973,2011-08-10T16:53:25Z,5,24.0275,4.5383,30.0105,1019.8827,,,,,236.585
44295,1973,2011-08-10T16:53:34Z,4,24.0662,4.5439,30.0256,1019.8784,,,,,237.385
44294,1973,2011-08-10T16:53:42Z,3,24.0927,4.547,30.0309,1019.872,,,,,238.01
44312,1974,2011-08-10T16:53:44Z,3,24.0918,4.5472,30.0329,1019.8739,,,,,238.505
44313,1974,2011-08-10T16:53:57Z,4,24.062,4.5486,30.0633,1019.9091,,,,,
44314,1974,2011-08-10T16:54:07Z,5,24.0354,4.5479,30.076,1019.9297,,,,,
44315,1974,2011-08-10T16:54:20Z,6,24.0054,4.5463,30.0839,1019.9485,,,,,
44316,1974,2011-08-10T16:54:35Z,7,23.944,4.5414,30.0885,1019.9745,,,,,
44317,1974,2011-08-10T16:54:49Z,8,23.8038,4.5304,30.1014,1020.0294,,,,,
44318,1974,2011-08-10T16:55:01Z,9,23.5988,4.5159,30.1319,1020.1154,,,,,
44319,1974,2011-08-10T16:55:10Z,10,23.3096,4.498,30.1949,1020.2495,,,,,
44320,1974,2011-08-10T16:55:21Z,11,22.9255,4.4737,30.2751,1020.423,,,,,
44321,1974,2011-08-10T16:55:35Z,12,22.1461,4.4246,30.4413,1020.7705,,,,,
44322,1974,2011-08-10T16:55:47Z,13,21.3357,4.3733,30.6161,1021.1278,,,,,
44323,1974,2011-08-10T16:55:56Z,14,20.2894,4.3121,30.8863,1021.6137,,,,,
44324,1974,2011-08-10T16:56:07Z,15,17.3459,4.1255,31.5638,1022.8597,,,,,
44325,1974,2011-08-10T16:56:19Z,16,15.1863,3.9417,31.6709,1023.4393,,,,,
44326,1974,2011-08-10T16:56:27Z,17,14.8607,3.909,31.6403,1023.4894,,,,,
44327,1974,2011-08-10T16:56:35Z,18,14.7579,3.8923,31.5734,1023.463,,,,,
44328,1974,2011-08-10T16:56:44Z,19,14.603,3.8727,31.5206,1023.4595,,,,,
44329,1974,2011-08-10T16:56:53Z,20,14.4664,3.8567,31.4859,1023.4664,,,,,
44346,1975,2011-08-10T16:56:59Z,20,14.4532,3.8536,31.469,1023.4558,,,,,
44345,1975,2011-08-10T16:57:11Z,19,14.5486,3.8541,31.3962,1023.3756,,,,,
44344,1975,2011-08-10T16:57:24Z,18,14.6851,3.8596,31.3362,1023.2967,,,,,
44343,1975,2011-08-10T16:57:39Z,17,14.822,3.8654,31.279,1023.2187,,,,,
44342,1975,2011-08-10T16:57:52Z,16,15.1898,3.885,31.1615,1023.0456,,,,,
44341,1975,2011-08-10T16:58:07Z,15,16.6149,3.9571,30.687,1022.3593,,,,,
44340,1975,2011-08-10T16:58:22Z,14,19.4825,4.1492,30.1596,1021.2657,,,,,
44339,1975,2011-08-10T16:58:33Z,13,21.1414,4.2901,30.1024,1020.7891,,,,,
44338,1975,2011-08-10T16:58:42Z,12,22.0694,4.3639,30.0287,1020.478,,,,,
44337,1975,2011-08-10T16:58:50Z,11,22.8477,4.421,29.9295,1020.1842,,,,,
44336,1975,2011-08-10T16:58:57Z,10,23.1232,4.4506,29.966,1020.1302,,,,,
44335,1975,2011-08-10T16:59:07Z,9,23.6434,4.495,29.9465,1019.962,,,,,
44334,1975,2011-08-10T16:59:15Z,8,23.8376,4.5137,29.9553,1019.9084,,,,,
44333,1975,2011-08-10T16:59:23Z,7,23.9359,4.5253,29.9752,1019.8912,,,,,
44332,1975,2011-08-10T16:59:35Z,6,24.0025,4.5349,30.002,1019.8868,,,,,
44331,1975,2011-08-10T16:59:44Z,5,24.031,4.5393,30.0152,1019.8852,,,,,
44330,1975,2011-08-10T16:59:56Z,4,24.0749,4.5457,30.033,1019.8812,,,,,
44347,1976,2011-08-10T17:00:06Z,4,24.0767,4.5481,30.0498,1019.8936,,,,,
44348,1976,2011-08-10T17:00:18Z,5,24.0361,4.5473,30.0711,1019.9259,,,,,239.77
44349,1976,2011-08-10T17:00:31Z,6,23.9945,4.5449,30.0809,1019.95,,,,,238.23
44350,1976,2011-08-10T17:00:44Z,7,23.9462,4.5414,30.0875,1019.9736,,,,,236.403
44351,1976,2011-08-10T17:00:55Z,8,23.8566,4.5335,30.0885,1020.0048,,,,,234.99
44352,1976,2011-08-10T17:01:07Z,9,23.674,4.52,30.1117,1020.0792,,,,,233.75
44353,1976,2011-08-10T17:01:18Z,10,23.4779,4.5068,30.146,1020.165,,,,,232.78
44354,1976,2011-08-10T17:01:33Z,11,23.0316,4.4792,30.2433,1020.3698,,,,,231.538
44355,1976,2011-08-10T17:01:46Z,12,22.2295,4.4338,30.454,1020.7568,,,,,230.775
44356,1976,2011-08-10T17:01:56Z,13,21.3772,4.3768,30.6132,1021.1142,,,,,228.24
44357,1976,2011-08-10T17:02:08Z,14,20.0484,4.3014,30.9799,1021.7452,,,,,225.757
44358,1976,2011-08-10T17:02:21Z,15,17.1294,4.1161,31.6528,1022.9803,,,,,218.13
44359,1976,2011-08-10T17:02:30Z,16,15.4646,3.9668,31.6708,1023.3774,,,,,203.945
44360,1976,2011-08-10T17:02:40Z,17,14.9079,3.915,31.6566,1023.4909,,,,,193.815
44361,1976,2011-08-10T17:02:49Z,18,14.6944,3.8861,31.5684,1023.4726,,,,,189.59
44362,1976,2011-08-10T17:03:02Z,19,14.546,3.8662,31.5079,1023.4624,,,,,186.747
44378,1977,2011-08-10T17:03:12Z,19,14.5326,3.8598,31.4609,1023.429,,,,,184.49
44377,1977,2011-08-10T17:03:24Z,18,14.5756,3.8561,31.3932,1023.3634,,,,,182.93
44376,1977,2011-08-10T17:03:37Z,17,14.8253,3.8675,31.2957,1023.2309,,,,,182.05
44375,1977,2011-08-10T17:03:52Z,16,15.6386,3.9116,31.0438,1022.8563,,,,,183.64
44374,1977,2011-08-10T17:04:03Z,15,18.2158,4.0621,30.3688,1021.7423,,,,,188.16
44373,1977,2011-08-10T17:04:12Z,14,20.1898,4.2168,30.1959,1021.1142,,,,,197.37
44372,1977,2011-08-10T17:04:22Z,13,21.1253,4.2975,30.1716,1020.8468,,,,,208.95
44371,1977,2011-08-10T17:04:35Z,12,22.038,4.3659,30.0662,1020.5149,,,,,219.863
44370,1977,2011-08-10T17:04:47Z,11,22.8915,4.4322,29.9843,1020.2126,,,,,231.06
44369,1977,2011-08-10T17:04:56Z,10,23.2249,4.463,29.9902,1020.1191,,,,,233.725
44368,1977,2011-08-10T17:05:06Z,9,23.565,4.4909,29.9689,1020.0022,,,,,236.175
44367,1977,2011-08-10T17:05:14Z,8,23.7299,4.5069,29.9764,1019.9574,,,,,236.81
44366,1977,2011-08-10T17:05:21Z,7,23.9232,4.5254,29.9846,1019.9029,,,,,237.93
44365,1977,2011-08-10T17:05:31Z,6,23.9918,4.5352,30.011,1019.8978,,,,,237.905
44364,1977,2011-08-10T17:05:41Z,5,24.0345,4.5413,30.0275,1019.893,,,,,238.325
44363,1977,2011-08-10T17:05:51Z,4,24.0885,4.5479,30.0407,1019.8828,,,,,238.765
44379,1978,2011-08-10T17:06:01Z,4,24.0892,4.5497,30.0529,1019.8923,,,,,
44380,1978,2011-08-10T17:06:18Z,5,24.0401,4.5482,30.0746,1019.9275,,,,,
44381,1978,2011-08-10T17:06:33Z,6,24.0006,4.5462,30.0867,1019.9525,,,,,
44382,1978,2011-08-10T17:06:46Z,7,23.971,4.5438,30.0886,1019.966,,,,,
44383,1978,2011-08-10T17:06:58Z,8,23.8742,4.5355,30.0918,1020.0011,,,,,
44384,1978,2011-08-10T17:07:10Z,9,23.6355,4.5176,30.1202,1020.0962,,,,,
44385,1978,2011-08-10T17:07:23Z,10,23.2121,4.4915,30.2126,1020.2915,,,,,
44386,1978,2011-08-10T17:07:35Z,11,22.8514,4.4674,30.2786,1020.4474,,,,,
44387,1978,2011-08-10T17:07:45Z,12,22.2371,4.4323,30.4376,1020.7414,,,,,
44388,1978,2011-08-10T17:07:54Z,13,21.2073,4.3668,30.6561,1021.1917,,,,,
44389,1978,2011-08-10T17:08:03Z,14,20.6505,4.3284,30.7534,1021.4171,,,,,
44390,1978,2011-08-10T17:08:15Z,15,18.0106,4.1802,31.5152,1022.6647,,,,,
44391,1978,2011-08-10T17:08:27Z,16,15.5542,3.9766,31.6856,1023.369,,,,,
44392,1978,2011-08-10T17:08:37Z,17,14.8707,3.9141,31.679,1023.5162,,,,,
44393,1978,2011-08-10T17:08:47Z,18,14.7018,3.8875,31.5747,1023.4764,,,,,
44394,1978,2011-08-10T17:08:57Z,19,14.6228,3.8746,31.5223,1023.4564,,,,,
44411,1979,2011-08-10T17:08:59Z,19,14.6006,3.8719,31.5157,1023.4554,,,,,
44410,1979,2011-08-10T17:09:09Z,18,14.6846,3.8697,31.4278,1023.3661,,,,,
44409,1979,2011-08-10T17:09:19Z,17,14.7798,3.871,31.3635,1023.2929,,,,,
44408,1979,2011-08-10T17:09:31Z,16,15.1792,3.8892,31.2076,1023.0832,,,,,
44407,1979,2011-08-10T17:09:45Z,15,17.1732,3.9964,30.5979,1022.161,,,,,
44406,1979,2011-08-10T17:09:57Z,14,20.0994,4.2077,30.1885,1021.1311,,,,,
44405,1979,2011-08-10T17:10:06Z,13,20.8447,4.2761,30.2011,1020.9435,,,,,
44404,1979,2011-08-10T17:10:19Z,12,21.4626,4.3269,30.165,1020.7464,,,,,
44403,1979,2011-08-10T17:10:32Z,11,22.6827,4.4124,29.9773,1020.2657,,,,,
44402,1979,2011-08-10T17:10:44Z,10,23.0599,4.4494,29.9999,1020.1732,,,,,
44401,1979,2011-08-10T17:10:57Z,9,23.4886,4.4852,29.9778,1020.0306,,,,,
44400,1979,2011-08-10T17:11:06Z,8,23.7746,4.5108,29.9757,1019.9425,,,,,
44399,1979,2011-08-10T17:11:13Z,7,23.9336,4.5265,29.9856,1019.8999,,,,,
44398,1979,2011-08-10T17:11:23Z,6,23.99,4.5346,30.0075,1019.8951,,,,,
44397,1979,2011-08-10T17:11:32Z,5,24.0362,4.541,30.0244,1019.8903,,,,,
44396,1979,2011-08-10T17:11:41Z,4,24.0953,4.5477,30.0342,1019.8766,,,,,
44395,1979,2011-08-10T17:11:47Z,3,24.1237,4.5507,30.0379,1019.869,,,,,
44412,1980,2011-08-10T17:11:47Z,3,24.1237,4.5507,30.0379,1019.869,,,,,
44413,1980,2011-08-10T17:11:57Z,4,24.1059,4.5519,30.0584,1019.8918,,,,,
44414,1980,2011-08-10T17:12:11Z,5,24.0398,4.5489,30.08,1019.9319,,,,,
44415,1980,2011-08-10T17:12:25Z,6,24.0011,4.5458,30.083,1019.9495,,,,,
44416,1980,2011-08-10T17:12:38Z,7,23.9533,4.5417,30.0845,1019.9686,,,,,
44417,1980,2011-08-10T17:12:53Z,8,23.8868,4.536,30.0874,1019.9948,,,,,233.677
44418,1980,2011-08-10T17:13:05Z,9,23.6304,4.5175,30.1227,1020.1005,,,,,232.445
44419,1980,2011-08-10T17:13:14Z,10,23.3591,4.5003,30.178,1020.2234,,,,,231.63
44420,1980,2011-08-10T17:13:25Z,11,22.9603,4.4753,30.263,1020.4048,,,,,230.547
44421,1980,2011-08-10T17:13:39Z,12,22.2347,4.4319,30.4359,1020.7419,,,,,229.92
44422,1980,2011-08-10T17:13:50Z,13,21.0444,4.3579,30.7028,1021.2719,,,,,227.47
44423,1980,2011-08-10T17:13:59Z,14,20.5966,4.3219,30.7407,1021.4235,,,,,225.335
44424,1980,2011-08-10T17:14:09Z,15,18.5286,4.2061,31.333,1022.4029,,,,,222.4
44425,1980,2011-08-10T17:14:19Z,16,15.9273,4.0129,31.7069,1023.3029,,,,,209.69
44426,1980,2011-08-10T17:14:29Z,17,15.0071,3.9257,31.6726,1023.4825,,,,,195.465
44427,1980,2011-08-10T17:14:39Z,18,14.7654,3.8929,31.5723,1023.4619,,,,,190.19
44428,1980,2011-08-10T17:14:48Z,19,14.6428,3.8767,31.5245,1023.4553,,,,,188.08
44429,1980,2011-08-10T17:14:55Z,20,14.1121,3.8388,31.6122,1023.6364,,,,,187.01
44446,1981,2011-08-10T17:14:57Z,20,14.0766,3.8353,31.6089,1023.6407,,,,,185.865
44445,1981,2011-08-10T17:15:07Z,19,14.6129,3.8612,31.409,1023.3713,,,,,183.39
44444,1981,2011-08-10T17:15:17Z,18,14.7126,3.865,31.3634,1023.3117,,,,,182.985
44443,1981,2011-08-10T17:15:29Z,17,14.8507,3.8698,31.2956,1023.2258,,,,,183.673
44442,1981,2011-08-10T17:15:41Z,16,15.4694,3.9015,31.0869,1022.928,,,,,184.875
44441,1981,2011-08-10T17:15:54Z,15,17.6138,4.0136,30.4133,1021.9168,,,,,187.54
44440,1981,2011-08-10T17:16:09Z,14,20.3992,4.2338,30.1823,1021.0495,,,,,199.967
44439,1981,2011-08-10T17:16:21Z,13,20.7452,4.2776,30.2843,1021.0324,,,,,211.52
44438,1981,2011-08-10T17:16:32Z,12,21.9291,4.355,30.0574,1020.5382,,,,,220.943
44437,1981,2011-08-10T17:16:42Z,11,22.7886,4.4202,29.964,1020.2275,,,,,231.05
44436,1981,2011-08-10T17:16:49Z,10,23.1892,4.458,29.9765,1020.1193,,,,,234.99
44435,1981,2011-08-10T17:16:57Z,9,23.5986,4.491,29.9469,1019.9757,,,,,236.91
44434,1981,2011-08-10T17:17:03Z,8,23.7995,4.5103,29.9555,1019.9207,,,,,237.485
44433,1981,2011-08-10T17:17:12Z,7,23.9199,4.5233,29.9707,1019.893,,,,,237.31
44432,1981,2011-08-10T17:17:21Z,6,23.9825,4.5318,29.9924,1019.8862,,,,,237.015
44431,1981,2011-08-10T17:17:31Z,5,24.0393,4.5393,30.0098,1019.8783,,,,,237.405
44430,1981,2011-08-10T17:17:43Z,4,24.0969,4.5471,30.0289,1019.8714,,,,,238.703
44447,1982,2011-08-10T17:17:53Z,4,24.0872,4.549,30.0494,1019.8909,,,,,
44448,1982,2011-08-10T17:18:07Z,5,24.0378,4.5471,30.0684,1019.924,,,,,
44449,1982,2011-08-10T17:18:19Z,6,23.996,4.5445,30.0773,1019.9468,,,,,
44450,1982,2011-08-10T17:18:31Z,7,23.9523,4.5408,30.0786,1019.9643,,,,,
44451,1982,2011-08-10T17:18:46Z,8,23.8766,4.5347,30.084,1019.9949,,,,,
44452,1982,2011-08-10T17:19:01Z,9,23.6759,4.5204,30.1134,1020.0797,,,,,
44453,1982,2011-08-10T17:19:11Z,10,23.379,4.5014,30.1731,1020.2139,,,,,
44454,1982,2011-08-10T17:19:22Z,11,22.9132,4.4733,30.28,1020.4307,,,,,
44455,1982,2011-08-10T17:19:35Z,12,21.8064,4.4105,30.5728,1020.9619,,,,,
44456,1982,2011-08-10T17:19:45Z,13,20.7043,4.3365,30.7789,1021.419,,,,,
44457,1982,2011-08-10T17:19:56Z,14,20.4369,4.3101,30.7626,1021.481,,,,,
44458,1982,2011-08-10T17:20:07Z,15,17.6143,4.1453,31.5249,1022.768,,,,,
44459,1982,2011-08-10T17:20:19Z,16,15.3047,3.9523,31.6703,1023.4131,,,,,
44460,1982,2011-08-10T17:20:27Z,17,14.8453,3.9064,31.6299,1023.4849,,,,,
44461,1982,2011-08-10T17:20:34Z,18,14.7285,3.8889,31.5657,1023.4641,,,,,
44462,1982,2011-08-10T17:20:44Z,19,14.6004,3.8736,31.531,1023.4686,,,,,
44479,1983,2011-08-10T17:20:49Z,19,14.6013,3.8709,31.5059,1023.4485,,,,,
44478,1983,2011-08-10T17:21:01Z,18,14.7037,3.8705,31.42,1023.3566,,,,,
44477,1983,2011-08-10T17:21:15Z,17,14.8512,3.8738,31.3316,1023.2526,,,,,
44476,1983,2011-08-10T17:21:29Z,16,15.3107,3.8946,31.1513,1023.011,,,,,
44475,1983,2011-08-10T17:21:41Z,15,16.5624,3.9551,30.7067,1022.3884,,,,,
44474,1983,2011-08-10T17:21:56Z,14,19.5895,4.1615,30.1818,1021.2547,,,,,
44473,1983,2011-08-10T17:22:13Z,13,20.5198,4.2595,30.3008,1021.1038,,,,,
44472,1983,2011-08-10T17:22:24Z,12,20.9447,4.2929,30.2637,1020.9598,,,,,
44471,1983,2011-08-10T17:22:35Z,11,22.5987,4.3984,29.9286,1020.2528,,,,,
44470,1983,2011-08-10T17:22:44Z,10,23.0539,4.4441,29.9638,1020.1482,,,,,
44469,1983,2011-08-10T17:22:53Z,9,23.5774,4.4884,29.9418,1019.978,,,,,
44468,1983,2011-08-10T17:23:01Z,8,23.8394,4.513,29.9484,1019.9034,,,,,
44467,1983,2011-08-10T17:23:09Z,7,23.9363,4.5248,29.9709,1019.8883,,,,,
44466,1983,2011-08-10T17:23:19Z,6,23.9951,4.533,29.9923,1019.8828,,,,,
44465,1983,2011-08-10T17:23:27Z,5,24.0423,4.5395,30.0091,1019.8783,,,,,
44464,1983,2011-08-10T17:23:40Z,4,24.0807,4.5457,30.0294,1019.8775,,,,,
44463,1983,2011-08-10T17:23:50Z,3,24.1207,4.5503,30.0366,1019.8686,,,,,
44480,1984,2011-08-10T17:23:50Z,3,24.1207,4.5503,30.0366,1019.8686,,,,,
44481,1984,2011-08-10T17:23:58Z,4,24.0865,4.5501,30.0582,1019.8975,,,,,
44482,1984,2011-08-10T17:24:09Z,5,24.0615,4.5497,30.0718,1019.9189,,,,,
44483,1984,2011-08-10T17:24:21Z,6,24.0142,4.5465,30.0795,1019.9425,,,,,237.917
44484,1984,2011-08-10T17:24:35Z,7,23.9579,4.5415,30.0801,1019.9639,,,,,236.057
44485,1984,2011-08-10T17:24:49Z,8,23.8749,4.5346,30.0849,1019.9961,,,,,234.407
44486,1984,2011-08-10T17:25:04Z,9,23.6736,4.5201,30.113,1020.0803,,,,,233.037
44487,1984,2011-08-10T17:25:15Z,10,23.3359,4.4985,30.1804,1020.2325,,,,,232.255
44488,1984,2011-08-10T17:25:24Z,11,22.9432,4.4747,30.2703,1020.4148,,,,,231.125
44489,1984,2011-08-10T17:25:37Z,12,21.9915,4.4205,30.5202,1020.8709,,,,,230.15
44490,1984,2011-08-10T17:25:50Z,13,20.4256,4.3164,30.8212,1021.5247,,,,,224.915
44491,1984,2011-08-10T17:25:59Z,14,20.3203,4.3,30.7669,1021.5143,,,,,223.045
44492,1984,2011-08-10T17:26:08Z,15,18.5421,4.2045,31.3107,1022.3803,,,,,220.53
44493,1984,2011-08-10T17:26:18Z,16,15.9545,4.0129,31.685,1023.2787,,,,,209.825
44494,1984,2011-08-10T17:26:28Z,17,14.9902,3.9209,31.6429,1023.4628,,,,,195.1
44495,1984,2011-08-10T17:26:36Z,18,14.7582,3.8937,31.585,1023.472,,,,,190.95
44496,1984,2011-08-10T17:26:45Z,19,14.6227,3.8759,31.5335,1023.4659,,,,,189.55
44497,1984,2011-08-10T17:26:54Z,20,14.4308,3.8599,31.5446,1023.5173,,,,,188.7
44515,1985,2011-08-10T17:26:54Z,20,14.4308,3.8599,31.5446,1023.5173,,,,,188.7
44514,1985,2011-08-10T17:27:03Z,19,14.6308,3.8662,31.4394,1023.3909,,,,,185.727
44513,1985,2011-08-10T17:27:15Z,18,14.7218,3.8673,31.376,1023.3188,,,,,185.885
44512,1985,2011-08-10T17:27:29Z,17,14.9383,3.8756,31.2773,1023.1926,,,,,186.92
44511,1985,2011-08-10T17:27:43Z,16,15.8204,3.9172,30.9497,1022.7453,,,,,187.355
44510,1985,2011-08-10T17:27:56Z,15,18.2253,4.0456,30.2245,1021.6282,,,,,190.36
44509,1985,2011-08-10T17:28:10Z,14,20.2247,4.2247,30.2347,1021.1351,,,,,200.877
44508,1985,2011-08-10T17:28:25Z,13,20.3356,4.2507,30.3623,1021.1987,,,,,210.917
44507,1985,2011-08-10T17:28:34Z,12,21.6611,4.3336,30.078,1020.6276,,,,,215.94
44506,1985,2011-08-10T17:28:41Z,11,22.7915,4.4158,29.9288,1020.1998,,,,,230.465
44505,1985,2011-08-10T17:28:51Z,10,23.369,4.4693,29.9398,1020.0396,,,,,235.2
44504,1985,2011-08-10T17:28:58Z,9,23.6656,4.495,29.9316,1019.9454,,,,,236.92
44503,1985,2011-08-10T17:29:05Z,8,23.8517,4.5141,29.9485,1019.8998,,,,,237.455
44502,1985,2011-08-10T17:29:14Z,7,23.9466,4.5252,29.9671,1019.8817,,,,,237.4
44501,1985,2011-08-10T17:29:24Z,6,24.0084,4.5334,29.9868,1019.874,,,,,237.18
44500,1985,2011-08-10T17:29:34Z,5,24.0488,4.5398,30.0073,1019.8735,,,,,237.875
44499,1985,2011-08-10T17:29:44Z,4,24.0926,4.5454,30.0196,1019.8661,,,,,238.785
44498,1985,2011-08-10T17:29:51Z,3,24.1259,4.548,30.0164,1019.8519,,,,,239.54
44516,1986,2011-08-10T17:29:51Z,3,24.1259,4.548,30.0164,1019.8519,,,,,239.54
44517,1986,2011-08-10T17:30:00Z,4,24.1,4.5495,30.0447,1019.8832,,,,,
44518,1986,2011-08-10T17:30:12Z,5,24.0485,4.5483,30.0696,1019.9208,,,,,
44519,1986,2011-08-10T17:30:23Z,6,24.0157,4.5459,30.0743,1019.9381,,,,,
44520,1986,2011-08-10T17:30:38Z,7,23.9647,4.5416,30.0763,1019.9595,,,,,
44521,1986,2011-08-10T17:30:49Z,8,23.8986,4.5365,30.0824,1019.9874,,,,,
44522,1986,2011-08-10T17:31:01Z,9,23.7891,4.5276,30.0904,1020.029,,,,,
44523,1986,2011-08-10T17:31:15Z,10,23.5297,4.5103,30.1367,1020.143,,,,,
44524,1986,2011-08-10T17:31:27Z,11,22.9876,4.4782,30.2661,1020.3997,,,,,
44525,1986,2011-08-10T17:31:38Z,12,22.2892,4.4371,30.4388,1020.7282,,,,,
44526,1986,2011-08-10T17:31:50Z,13,20.3229,4.314,30.877,1021.5942,,,,,
44527,1986,2011-08-10T17:32:00Z,14,20.1771,4.2886,30.7798,1021.5621,,,,,
44528,1986,2011-08-10T17:32:10Z,15,19.2013,4.2355,31.0714,1022.0344,,,,,
44529,1986,2011-08-10T17:32:20Z,16,17.0976,4.1022,31.5591,1022.9202,,,,,
44530,1986,2011-08-10T17:32:29Z,17,15.2003,3.9409,31.6521,1023.4244,,,,,
44531,1986,2011-08-10T17:32:37Z,18,14.7899,3.8992,31.6097,1023.4843,,,,,
44532,1986,2011-08-10T17:32:46Z,19,14.6727,3.8812,31.541,1023.4616,,,,,
44533,1986,2011-08-10T17:32:58Z,20,13.9654,3.8307,31.6585,1023.7038,,,,,
44551,1987,2011-08-10T17:33:08Z,20,13.9729,3.823,31.5812,1023.6416,,,,,
44550,1987,2011-08-10T17:33:23Z,19,14.6525,3.8587,31.3541,1023.3211,,,,,
44549,1987,2011-08-10T17:33:39Z,18,14.7429,3.8633,31.3229,1023.2733,,,,,
44548,1987,2011-08-10T17:33:53Z,17,14.958,3.8723,31.2322,1023.1533,,,,,
44547,1987,2011-08-10T17:34:06Z,16,15.5955,3.9018,30.9902,1022.826,,,,,
44546,1987,2011-08-10T17:34:21Z,15,18.088,4.0357,30.2464,1021.6753,,,,,
44545,1987,2011-08-10T17:34:35Z,14,20.0686,4.2132,30.254,1021.1886,,,,,
44544,1987,2011-08-10T17:34:42Z,13,20.0822,4.2254,30.3424,1021.2497,,,,,
44543,1987,2011-08-10T17:34:51Z,12,22.0506,4.3588,30.0028,1020.4623,,,,,
44542,1987,2011-08-10T17:35:01Z,11,23.0959,4.444,29.9343,1020.1168,,,,,
44541,1987,2011-08-10T17:35:09Z,10,23.5094,4.4805,29.9284,1019.9905,,,,,
44540,1987,2011-08-10T17:35:16Z,9,23.7019,4.4977,29.9272,1019.9311,,,,,
44539,1987,2011-08-10T17:35:25Z,8,23.9032,4.5183,29.9449,1019.8813,,,,,
44538,1987,2011-08-10T17:35:34Z,7,23.9493,4.5249,29.9634,1019.8782,,,,,
44537,1987,2011-08-10T17:35:42Z,6,23.9734,4.5296,29.9821,1019.8818,,,,,
44536,1987,2011-08-10T17:35:51Z,5,24.0318,4.537,29.9976,1019.8725,,,,,
44535,1987,2011-08-10T17:36:04Z,4,24.0865,4.5442,30.0146,1019.8648,,,,,
44534,1987,2011-08-10T17:36:12Z,3,24.0935,4.5461,30.024,1019.8672,,,,,
44552,1988,2011-08-10T17:36:12Z,3,24.0935,4.5461,30.024,1019.8672,,,,,
44553,1988,2011-08-10T17:36:21Z,4,24.0903,4.5488,30.046,1019.8871,,,,,
44554,1988,2011-08-10T17:36:34Z,5,24.0524,4.5479,30.0641,1019.916,,,,,
44555,1988,2011-08-10T17:36:44Z,6,23.9831,4.5428,30.0732,1019.9471,,,,,
44556,1988,2011-08-10T17:36:55Z,7,23.9411,4.5395,30.0766,1019.966,,,,,
44557,1988,2011-08-10T17:37:09Z,8,23.8574,4.5326,30.0818,1019.9996,,,,,
44558,1988,2011-08-10T17:37:21Z,9,23.6296,4.5162,30.1132,1020.0933,,,,,
44559,1988,2011-08-10T17:37:30Z,10,23.4063,4.5022,30.1602,1020.196,,,,,233.345
44560,1988,2011-08-10T17:37:42Z,11,23.0151,4.4786,30.2507,1020.3796,,,,,232.423
44561,1988,2011-08-10T17:37:53Z,12,22.486,4.4471,30.3763,1020.6274,,,,,231.71
44562,1988,2011-08-10T17:38:03Z,13,20.2591,4.3256,31.0162,1021.7159,,,,,227.645
44563,1988,2011-08-10T17:38:13Z,14,19.953,4.2782,30.8603,1021.681,,,,,222.155
44564,1988,2011-08-10T17:38:23Z,15,19.0786,4.2261,31.0846,1022.0767,,,,,219.46
44565,1988,2011-08-10T17:38:35Z,16,16.5677,4.0605,31.6145,1023.0854,,,,,210.407
44566,1988,2011-08-10T17:38:47Z,17,15.0124,3.9234,31.6473,1023.4621,,,,,193.585
44567,1988,2011-08-10T17:38:56Z,18,14.7679,3.8936,31.5762,1023.4638,,,,,190.83
44568,1988,2011-08-10T17:39:06Z,19,14.7267,3.8826,31.5104,1023.4258,,,,,190.19
44586,1989,2011-08-10T17:39:11Z,19,14.7216,3.8796,31.4873,1023.4088,,,,,189.03
44585,1989,2011-08-10T17:39:21Z,18,14.7632,3.8755,31.4167,1023.3414,,,,,188.52
44584,1989,2011-08-10T17:39:32Z,17,14.8884,3.8781,31.3403,1023.2524,,,,,188.46
44583,1989,2011-08-10T17:39:45Z,16,15.7836,3.9228,31.0286,1022.8134,,,,,188.887
44582,1989,2011-08-10T17:39:59Z,15,18.476,4.085,30.3664,1021.6767,,,,,191.463
44581,1989,2011-08-10T17:40:09Z,14,19.8058,4.1968,30.3111,1021.3006,,,,,199.8
44580,1989,2011-08-10T17:40:21Z,13,20.0444,4.2278,30.3887,1021.2941,,,,,206.953
44579,1989,2011-08-10T17:40:33Z,12,22.6018,4.3948,29.8991,1020.2336,,,,,222.19
44578,1989,2011-08-10T17:40:46Z,11,23.1158,4.4477,29.9485,1020.1225,,,,,231.1
44577,1989,2011-08-10T17:40:55Z,10,23.4788,4.4797,29.943,1020.0115,,,,,233.73
44576,1989,2011-08-10T17:41:02Z,9,23.6535,4.4966,29.9518,1019.9638,,,,,235.67
44575,1989,2011-08-10T17:41:10Z,8,23.8253,4.5134,29.9611,1019.9173,,,,,236.67
44574,1989,2011-08-10T17:41:17Z,7,23.9233,4.5248,29.98,1019.8989,,,,,236.805
44573,1989,2011-08-10T17:41:27Z,6,23.9834,4.5327,29.9985,1019.8902,,,,,236.93
44572,1989,2011-08-10T17:41:34Z,5,24.019,4.537,30.0066,1019.8831,,,,,237.19
44571,1989,2011-08-10T17:41:41Z,4,24.091,4.5444,30.0127,1019.863,,,,,237.965
44570,1989,2011-08-10T17:41:54Z,3,24.1804,4.5527,30.0144,1019.8329,,,,,238.88
44569,1989,2011-08-10T17:42:06Z,2,24.4234,4.5509,29.8395,1019.6251,,,,,240.25
44587,1990,2011-08-10T18:08:11Z,2,24.5219,4.5697,29.9119,1019.6529,,,,,
44588,1990,2011-08-10T18:08:18Z,3,24.2569,4.5732,30.1143,1019.8863,,,,,
44589,1990,2011-08-10T18:08:29Z,4,24.1785,4.5697,30.1406,1019.9327,,,,,
44590,1990,2011-08-10T18:08:43Z,5,24.0591,4.5576,30.1313,1019.9654,,,,,
44591,1990,2011-08-10T18:08:53Z,6,23.9936,4.5501,30.1199,1019.9792,,,,,
44592,1990,2011-08-10T18:09:05Z,7,23.9476,4.5441,30.1061,1019.9868,,,,,
44593,1990,2011-08-10T18:09:16Z,8,23.873,4.5369,30.1025,1020.0108,,,,,
44594,1990,2011-08-10T18:09:25Z,9,23.7336,4.5256,30.1129,1020.0632,,,,,
44595,1990,2011-08-10T18:09:34Z,10,23.4219,4.5047,30.1687,1020.1987,,,,,
44596,1990,2011-08-10T18:09:43Z,11,23.0667,4.483,30.2481,1020.3635,,,,,
44597,1990,2011-08-10T18:09:53Z,12,22.5297,4.4487,30.3583,1020.6014,,,,,
44598,1990,2011-08-10T18:10:05Z,13,20.2453,4.3167,30.9548,1021.6729,,,,,
44599,1990,2011-08-10T18:10:16Z,14,19.7904,4.2675,30.8927,1021.7475,,,,,
44600,1990,2011-08-10T18:10:25Z,15,18.9569,4.2089,31.0333,1022.0691,,,,,
44601,1990,2011-08-10T18:10:35Z,16,16.898,4.0765,31.4936,1022.9184,,,,,
44602,1990,2011-08-10T18:10:43Z,17,15.3965,3.9576,31.6433,1023.3753,,,,,
44603,1990,2011-08-10T18:10:51Z,18,14.661,3.8934,31.6616,1023.5515,,,,,
44604,1990,2011-08-10T18:10:58Z,19,14.4524,3.8711,31.6291,1023.5746,,,,,
44605,1990,2011-08-10T18:11:08Z,20,14.148,3.8442,31.6325,1023.6455,,,,,
44606,1990,2011-08-10T18:11:18Z,21,13.733,3.8126,31.6827,1023.773,,,,,
44625,1991,2011-08-10T18:11:23Z,21,13.716,3.8085,31.6583,1023.7575,,,,,
44624,1991,2011-08-10T18:11:35Z,20,14.132,3.8228,31.449,1023.5069,,,,,
44623,1991,2011-08-10T18:11:50Z,19,14.4383,3.8407,31.3637,1023.3739,,,,,
44622,1991,2011-08-10T18:12:03Z,18,14.5707,3.847,31.3148,1023.3039,,,,,
44621,1991,2011-08-10T18:12:17Z,17,15.0893,3.873,31.1342,1023.0509,,,,,
44620,1991,2011-08-10T18:12:33Z,16,17.074,3.97,30.4479,1022.0752,,,,,
44619,1991,2011-08-10T18:12:49Z,15,19.4098,4.155,30.2591,1021.3652,,,,,
44618,1991,2011-08-10T18:13:01Z,14,19.7431,4.2033,30.4094,1021.3917,,,,,
44617,1991,2011-08-10T18:13:10Z,13,20.9306,4.2828,30.1957,1020.914,,,,,
44616,1991,2011-08-10T18:13:20Z,12,22.6436,4.3984,29.8971,1020.2208,,,,,
44615,1991,2011-08-10T18:13:28Z,11,23.1118,4.4449,29.9303,1020.1104,,,,,
44614,1991,2011-08-10T18:13:37Z,10,23.5755,4.4858,29.9231,1019.9677,,,,,
44613,1991,2011-08-10T18:13:45Z,9,23.8065,4.5084,29.9361,1019.9069,,,,,
44612,1991,2011-08-10T18:13:52Z,8,23.9249,4.5216,29.9546,1019.8828,,,,,
44611,1991,2011-08-10T18:14:00Z,7,23.9465,4.5261,29.9737,1019.8877,,,,,
44610,1991,2011-08-10T18:14:10Z,6,23.9726,4.531,29.993,1019.8903,,,,,
44609,1991,2011-08-10T18:14:22Z,5,24.0455,4.5392,30.0044,1019.8732,,,,,
44608,1991,2011-08-10T18:14:34Z,4,24.1504,4.55,30.0142,1019.8455,,,,,
44607,1991,2011-08-10T18:14:43Z,3,24.2184,4.5569,30.0195,1019.8268,,,,,
44626,1992,2011-08-10T18:14:47Z,3,24.2249,4.5585,30.0271,1019.8306,,,,,
44627,1992,2011-08-10T18:14:56Z,4,24.1611,4.5572,30.0599,1019.8771,,,,,
44628,1992,2011-08-10T18:15:08Z,5,24.0708,4.5508,30.0734,1019.9175,,,,,
44629,1992,2011-08-10T18:15:21Z,6,23.9857,4.5439,30.0793,1019.9516,,,,,
44630,1992,2011-08-10T18:15:32Z,7,23.9549,4.5412,30.08,1019.9651,,,,,
44631,1992,2011-08-10T18:15:42Z,8,23.9295,4.5391,30.081,1019.9772,,,,,
44632,1992,2011-08-10T18:15:56Z,9,23.803,4.5295,30.0951,1020.0289,,,,,
44633,1992,2011-08-10T18:16:09Z,10,23.5073,4.5096,30.1471,1020.1575,,,,,
44634,1992,2011-08-10T18:16:23Z,11,23.1448,4.4878,30.2305,1020.328,,,,,
44635,1992,2011-08-10T18:16:35Z,12,22.6398,4.4562,30.3394,1020.5565,,,,,231.57
44636,1992,2011-08-10T18:16:45Z,13,20.5855,4.3446,30.9299,1021.5643,,,,,229.075
44637,1992,2011-08-10T18:16:54Z,14,19.6664,4.261,30.9313,1021.8081,,,,,222.635
44638,1992,2011-08-10T18:17:06Z,15,18.879,4.204,31.0517,1022.1014,,,,,218.123
44639,1992,2011-08-10T18:17:19Z,16,16.6773,4.0608,31.5306,1022.9985,,,,,210.18
44640,1992,2011-08-10T18:17:29Z,17,15.1456,3.9353,31.6464,1023.4325,,,,,197.34
44641,1992,2011-08-10T18:17:39Z,18,14.6566,3.8868,31.6052,1023.5097,,,,,190.12
44642,1992,2011-08-10T18:17:48Z,19,14.4738,3.8664,31.5684,1023.5242,,,,,186.69
44643,1992,2011-08-10T18:17:55Z,20,14.3884,3.8562,31.5454,1023.528,,,,,185.13
44644,1992,2011-08-10T18:18:03Z,21,13.9912,3.8294,31.6245,1023.6743,,,,,183.595
44663,1993,2011-08-10T18:18:05Z,21,13.9362,3.8259,31.6376,1023.6957,,,,,182.52
44662,1993,2011-08-10T18:18:15Z,20,14.1956,3.8317,31.4783,1023.5164,,,,,177.12
44661,1993,2011-08-10T18:18:33Z,19,14.4537,3.8441,31.3823,1023.3844,,,,,176.318
44660,1993,2011-08-10T18:18:48Z,18,14.5471,3.8478,31.3409,1023.3289,,,,,177.503
44659,1993,2011-08-10T18:19:05Z,17,15.0223,3.8701,31.1617,1023.0857,,,,,178.182
44658,1993,2011-08-10T18:19:19Z,16,16.4212,3.9352,30.6434,1022.3748,,,,,179.93
44657,1993,2011-08-10T18:19:27Z,15,18.1852,4.0438,30.2392,1021.6519,,,,,182.17
44656,1993,2011-08-10T18:19:37Z,14,19.4226,4.1626,30.3117,1021.399,,,,,193.135
44655,1993,2011-08-10T18:19:47Z,13,19.6287,4.1933,30.4117,1021.4187,,,,,200.26
44654,1993,2011-08-10T18:19:57Z,12,21.6292,4.3239,30.0265,1020.5954,,,,,209.66
44653,1993,2011-08-10T18:20:07Z,11,22.9658,4.4292,29.911,1020.1369,,,,,227.905
44652,1993,2011-08-10T18:20:16Z,10,23.3342,4.4642,29.9251,1020.0391,,,,,233.305
44651,1993,2011-08-10T18:20:25Z,9,23.6896,4.4957,29.9206,1019.9298,,,,,235.83
44650,1993,2011-08-10T18:20:35Z,8,23.9065,4.5179,29.9399,1019.8773,,,,,237.27
44649,1993,2011-08-10T18:20:45Z,7,23.9531,4.5256,29.9658,1019.8793,,,,,238.315
44648,1993,2011-08-10T18:20:57Z,6,23.9781,4.5315,29.9929,1019.8881,,,,,240.12
44647,1993,2011-08-10T18:21:08Z,5,24.0326,4.5388,30.0105,1019.8807,,,,,242.31
